-- phpMyAdmin SQL Dump
-- version 4.0.4.1
-- http://www.phpmyadmin.net
--
-- Host: 127.0.0.1
-- Generation Time: Dec 14, 2015 at 09:37 PM
-- Server version: 5.5.32
-- PHP Version: 5.4.19

SET FOREIGN_KEY_CHECKS=0;
SET SQL_MODE = "NO_AUTO_VALUE_ON_ZERO";
SET time_zone = "+00:00";


/*!40101 SET @OLD_CHARACTER_SET_CLIENT=@@CHARACTER_SET_CLIENT */;
/*!40101 SET @OLD_CHARACTER_SET_RESULTS=@@CHARACTER_SET_RESULTS */;
/*!40101 SET @OLD_COLLATION_CONNECTION=@@COLLATION_CONNECTION */;
/*!40101 SET NAMES utf8 */;

--
-- Database: `phpfy`
--
USE `phpfy`;

-- --------------------------------------------------------

--
-- Table structure for table `phpfy_cms`
--

DROP TABLE IF EXISTS `phpfy_cms`;
CREATE TABLE IF NOT EXISTS `phpfy_cms` (
  `id` int(10) unsigned NOT NULL AUTO_INCREMENT,
  `url` varchar(100) NOT NULL,
  `title` varchar(255) NOT NULL,
  `content` text NOT NULL,
  `short` text NOT NULL,
  `lang` varchar(6) NOT NULL,
  `status` int(11) NOT NULL,
  `categoryid` int(10) unsigned NOT NULL,
  PRIMARY KEY (`id`),
  UNIQUE KEY `url` (`url`,`lang`),
  KEY `categoryid` (`categoryid`)
) ENGINE=InnoDB  DEFAULT CHARSET=utf8 AUTO_INCREMENT=14 ;

--
-- Dumping data for table `phpfy_cms`
--

INSERT INTO `phpfy_cms` (`id`, `url`, `title`, `content`, `short`, `lang`, `status`, `categoryid`) VALUES
(2, 'about', 'How it works?', '<div class=''small-12 columns''>\n	<h3>Sandbox</h3>\n	<p>The idea is simple. If you want to test something quickly, just get the new sandbox, add files and run code. You can also download your work and use in your projects.</p>\n	<p>Don''t need to clean after yourself - it will desapear if not used for more than a week (one-off) or a month (owned one). But don''t worry - by <b>used</b> we mean opened on PHPfy or as embedded sample on your website.</p>\n\n	<h3>How my code gets executed?</h3>\n	<p>Your code is placed on isolated server and accessed via http, then result of the execution is printed to the output pane.</p>\n	<p>Every execution creates it''s own environement so you cannot relay on any files created by your script (but you can send files to the script in a POST request and you can access any file created on the sandbox). We don''t block any functions so you can try...</p>\n\n</div>', 'The idea is simple. If you want to test something quickly, just get the new sandbox, add files and run code...', 'en', 1, 1),
(3, 'cookies', 'All about cookies', '<div class=''small-12 columns''>\n	<h3>General</h3>\n	<p>Yes, we use cookies (like the most of the websites). What the cookie is? <a href=''https://en.wikipedia.org/wiki/HTTP_cookie'' target="_blank">Read all about it here.</a></p>\n	<p>You can disable cookies in your browser''s settings. However there is no guarantee that the service will still work as expected.</p>\n\n	<h3>What cookies do we store?</h3>\n	<p>PHPfy stores session cookie and cookie policy acceptance cookie (to not to show you annoying cookie popup everytime you open this website)</p>\n	<p>Some other cookies comming from external services may be stored. Please check their cookie policy as well.</p>\n	<p>External service providers: </p>\n	<ul>\n		<li>Google - OAuth, tracking and analitics</li>\n		<li>Facebook - OAuth</li>\n		<li>LinkedIn - OAuth</li>\n		<li>GitHub - OAuth</li>\n	</ul>\n\n	<h3>Can I disable cookies?</h3>\n	<p>Yes. But expect some difficulties when using the service.</p>\n</div>', 'Yes, we use cookies (like the most of the websites). Find all the details here...', 'en', 1, 1),
(4, 'tnc', 'Terms & Conditions', '<div class=''small-12 medium-6 columns''>\n	<h3>Basics</h3>\n	<ul>\n		<li>PHPfy is a free service</li>\n		<li>Cannot guarantee that it will be up 100% of time</li>\n		<li>It''s a beta version so some of the functionality may not work as expected</li>\n	</ul>\n\n	<h3>Privacy</h3>\n	<ul>\n		<li>All the personal data is stored in secure database</li>\n		<li>We won''t send you a SPAM or marketing emails</li>\n		<li>All the PHPfy content belongs to PHPfy</li>\n		<li>Sandbox and it''s content belongs to it''s owner</li>\n	</ul>\n\n	<h3>User account</h3>\n	<ul>\n		<li>It''s owned and managed by user</li>\n		<li>Can be deleted at any time by the user</li>\n		<li>Deleting account created trought social media websites (like Facebook) will not affect original account</li>\n</div>\n<div class=''small-12 medium-6 columns''>\n	<h3>Sandboxes</h3>\n	<ul>\n		<li>Sandbox is managed by its owner</li>\n		<li>One-off sandbox (the one without the owner) will be deleted if not used for more than one week</li>\n		<li>Sandbox owned by the PHPfy user will be deleted if not used for more than one month</li>\n		<li>Sandbox is considered used if it was open by anyone or viewed as code embedded on the external website</li>\n	</ul>\n\n	<h3>Legal stuff</h3>\n	<ul>\n		<li>The service is provided "AS IS", without warranty of any kind, express or implied, including but not limited to the warranties of fitness for a particular purpose and noninfringement. In no event shall the the authors or copyright holders be liable for any claim, damages or other liability, whether in an action of contract, tort or otherwise, arising from, out of or in connection with the service or the use or other dealings in the service.</li>\n		<li>Sandbox may be deleted if its content is illegal, in some way harmful or it may cause any damage to the service.</li>\n		<li>User''s account may be blocked or deleted as a result of unacceptable bechaviour</li>\n	</ul>\n</div>', 'Small print made clear :)', 'en', 1, 1),
(5, 'languages', 'Supported Languages', '<div class=''small-12 columns''>\r\n	<h3>Server side</h3>\r\n\r\n	<div class=''row''>\r\n\r\n		<div class="small-12 medium-4 columns">\r\n		    <div class=''infoicons''>\r\n		        <i class=''devicon-php-plain''></i>\r\n		    </div>\r\n		    <p>There are several versions of PHP available and you can pick the one you want to use from <b>run options</b> menu.</p>\r\n		    <p>You can use any function available in the PHP version of choice and most of the popular extensions. For the full list of extensions just execute <i>phpinfo();</i>.</p>\r\n		    <p>You won''t be able to use <b>Apache</b> specific functions (as it''s not Apache server).</p>\r\n		    <p>Use <i>include</i> or <i>require</i> to include other scripts from the sandbox. You can read any file existing in the sandbox or upload files using html form (just put the name of your php script in <i>action</i> attribute). None of the saved files will be available to read next time you execute script</p>\r\n		</div>\r\n\r\n		<div class="small-12 medium-4 columns">\r\n		    <div class=''infoicons''>\r\n		        <i class=''devicon-python-plain''></i>\r\n		    </div>\r\n		    <p>You can use python scripts executed via http request (as CGI module). Just make sure that the first thing you print is http header.</p>\r\n		    <p>Use <i>import</i> to include python scripts from the sandbox (you don''t need to create <i>__init__.py</i> - just use the file name).</p>\r\n		    <p>Make request from html page using any type of http request (that includes posting files).</p>\r\n		</div>\r\n\r\n		<div class="small-12 medium-4 columns">\r\n		    <div class=''infoicons''>\r\n		        <img src=''/modules/main/img/perl.png'' class=''icon''>\r\n		    </div>\r\n		    <p>Create perl scripts and packages. Just use your package file name with <i>use</i> or perl script name with <i>required</i>.</p>\r\n		    <p>Perl scripts are executed via http (using CGI) and the first printed line should be a valid http header.</p>\r\n		    <p>Check the list of modules you can use <a href=''/cms/perlmodules'' class=''mixedlink'' data-target=''cmsContent''>here</a></p>\r\n		</div>\r\n	</div>\r\n\r\n	<h3>Client side</h3>\r\n\r\n	<div class=''row''>\r\n		<div class="small-12 medium-4 columns">\r\n		    <div class=''infoicons''>\r\n		        <i class=''devicon-html5-plain''></i>\r\n		    </div>\r\n		    <p>Create html page to test your JS or ajax request to the backend (php, python, perl). If you won''t add html tag, doctype and headers this will be auto generated based on the <b>run options</b>. </p>\r\n		    <p>You can link any file on the sandbox or use it as a form action target. You can attach css or js files created on your sandbox as well.</p>\r\n		</div>\r\n		<div class="small-12 medium-4 columns">\r\n		    <div class=''infoicons''>\r\n		        <i class=''devicon-javascript-plain''></i>\r\n		    </div>\r\n		    <p>You can execute javascript files directly and they will be wrapped in html. You can specify additional options from the run menu.</p>\r\n		</div>\r\n		<div class="small-12 medium-4 columns">\r\n		    <div class=''infoicons''>\r\n		        <i class=''devicon-css3-plain''></i>\r\n		    </div>\r\n		    <p>create css files to use them on html pages on your sandbox. You won''t be able to execute the css file on its own but it''s just a few clicks to create test html page as well.</p>\r\n		</div>\r\n	</div>\r\n\r\n	<h3>Data source</h3>\r\n\r\n	<div class=''row''>\r\n		<div class="small-12 columns">\r\n		<p>Add <b>xml</b>, <b>json</b>, <b>csv</b> or <b>txt</b> files to pass additional data to the scripts you''re testing. You can access them by the file name both on the server and client side</p>\r\n		</div>\r\n	</div>\r\n\r\n</div>', 'What you can use on PHPfy', 'en', 1, 2),
(6, 'perlmodules', 'Perl Modules', '<div class=''small-12 columns''>\r\n\r\n<ul>\r\n<li>Attribute/Handlers/demo/Descriptions.pm</li>\r\n<li>Attribute/Handlers/demo/Demo.pm</li>\r\n<li>Attribute/Handlers/demo/MyClass.pm</li>\r\n<li>Attribute/Handlers.pm</li>\r\n<li>B/Assembler.pm</li>\r\n<li>B/Asmdata.pm</li>\r\n<li>B/Disassembler.pm</li>\r\n<li>B/Bblock.pm</li>\r\n<li>B/Bytecode.pm</li>\r\n<li>B/C.pm</li>\r\n<li>B/CC.pm</li>\r\n<li>B/Concise.pm</li>\r\n<li>B/Debug.pm</li>\r\n<li>B/Deparse.pm</li>\r\n<li>B/Showlex.pm</li>\r\n<li>B/Lint.pm</li>\r\n<li>B/Stackobj.pm</li>\r\n<li>B/Stash.pm</li>\r\n<li>B/Terse.pm</li>\r\n<li>B/Xref.pm</li>\r\n<li>Bit/Vector/Overload.pm</li>\r\n<li>Bit/Vector/String.pm</li>\r\n<li>Bit/Vector.pm</li>\r\n<li>Bundle/DBD/mysql.pm</li>\r\n<li>Bundle/DBD/CSV.pm</li>\r\n<li>Bundle/DBI.pm</li>\r\n<li>Bundle/LWP.pm</li>\r\n<li>CGI/Application/Mailform.pm</li>\r\n<li>CGI/Application.pm</li>\r\n<li>CGI/Apache.pm</li>\r\n<li>CGI/Cookie.pm</li>\r\n<li>CGI/Carp.pm</li>\r\n<li>CGI/Pretty.pm</li>\r\n<li>CGI/Fast.pm</li>\r\n<li>CGI/Switch.pm</li>\r\n<li>CGI/Push.pm</li>\r\n<li>CGI/Util.pm</li>\r\n<li>CPAN/FirstTime.pm</li>\r\n<li>CPAN/Nox.pm</li>\r\n<li>Carp/Clan.pm</li>\r\n<li>Carp/Heavy.pm</li>\r\n<li>Class/Struct.pm</li>\r\n<li>Class/ISA.pm</li>\r\n<li>Compress/Zlib.pm</li>\r\n<li>Crypt/SSLeay/MainContext.pm</li>\r\n<li>Crypt/SSLeay/CTX.pm</li>\r\n<li>Crypt/SSLeay/Conn.pm</li>\r\n<li>Crypt/SSLeay/Err.pm</li>\r\n<li>Crypt/SSLeay/X509.pm</li>\r\n<li>Crypt/Blowfish_PP.pm</li>\r\n<li>Crypt/Blowfish.pm</li>\r\n<li>Crypt/DES_EDE3.pm</li>\r\n<li>Crypt/CBC.pm</li>\r\n<li>Crypt/DES.pm</li>\r\n<li>Crypt/IDEA.pm</li>\r\n<li>Crypt/PasswdMD5.pm</li>\r\n<li>Crypt/Passwd.pm</li>\r\n<li>Crypt/Rijndael.pm</li>\r\n<li>Crypt/SSLeay.pm</li>\r\n<li>DBD/mysql/GetInfo.pm</li>\r\n<li>DBD/ExampleP.pm</li>\r\n<li>DBD/CSV.pm</li>\r\n<li>DBD/DBM.pm</li>\r\n<li>DBD/Multiplex.pm</li>\r\n<li>DBD/File.pm</li>\r\n<li>DBD/NullP.pm</li>\r\n<li>DBD/Pg.pm</li>\r\n<li>DBD/Proxy.pm</li>\r\n<li>DBD/Sponge.pm</li>\r\n<li>DBD/XBase.pm</li>\r\n<li>DBD/mysql.pm</li>\r\n<li>DBI/Const/GetInfo/ANSI.pm</li>\r\n<li>DBI/Const/GetInfo/ODBC.pm</li>\r\n<li>DBI/Const/GetInfoReturn.pm</li>\r\n<li>DBI/Const/GetInfoType.pm</li>\r\n<li>DBI/DBD/Metadata.pm</li>\r\n<li>DBI/ProfileDumper/Apache.pm</li>\r\n<li>DBI/SQL/Nano.pm</li>\r\n<li>DBI/ProfileData.pm</li>\r\n<li>DBI/Changes.pm</li>\r\n<li>DBI/DBD.pm</li>\r\n<li>DBI/FAQ.pm</li>\r\n<li>DBI/Format.pm</li>\r\n<li>DBI/Profile.pm</li>\r\n<li>DBI/ProfileDumper.pm</li>\r\n<li>DBI/ProxyServer.pm</li>\r\n<li>DBI/PurePerl.pm</li>\r\n<li>DBI/Roadmap.pm</li>\r\n<li>DBI/Shell.pm</li>\r\n<li>DBI/W32ODBC.pm</li>\r\n<li>DBM_Filter/compress.pm</li>\r\n<li>DBM_Filter/encode.pm</li>\r\n<li>DBM_Filter/int32.pm</li>\r\n<li>DBM_Filter/null.pm</li>\r\n<li>DBM_Filter/utf8.pm</li>\r\n<li>Data/Grove/Parent.pm</li>\r\n<li>Data/Grove/Visitor.pm</li>\r\n<li>Data/ShowTable.pm</li>\r\n<li>Data/Dumper.pm</li>\r\n<li>Data/Grove.pm</li>\r\n<li>Date/Calc/Object.pm</li>\r\n<li>Date/Calendar/Profiles.pm</li>\r\n<li>Date/Calendar/Year.pm</li>\r\n<li>Date/Calc.pm</li>\r\n<li>Date/Calendar.pm</li>\r\n<li>Devel/SelfStubber.pm</li>\r\n<li>Devel/DProf.pm</li>\r\n<li>Devel/PPPort.pm</li>\r\n<li>Devel/Peek.pm</li>\r\n<li>Digest/Perl/MD5.pm</li>\r\n<li>Digest/EMAC.pm</li>\r\n<li>Digest/MD2.pm</li>\r\n<li>Digest/MD5.pm</li>\r\n<li>Digest/SHA1.pm</li>\r\n<li>Digest/base.pm</li>\r\n<li>Encode/CN/HZ.pm</li>\r\n<li>Encode/JP/H2Z.pm</li>\r\n<li>Encode/JP/JIS7.pm</li>\r\n<li>Encode/KR/2022_KR.pm</li>\r\n<li>Encode/MIME/Header.pm</li>\r\n<li>Encode/Unicode/UTF7.pm</li>\r\n<li>Encode/CJKConstants.pm</li>\r\n<li>Encode/Alias.pm</li>\r\n<li>Encode/Byte.pm</li>\r\n<li>Encode/CN.pm</li>\r\n<li>Encode/Config.pm</li>\r\n<li>Encode/EBCDIC.pm</li>\r\n<li>Encode/Encoder.pm</li>\r\n<li>Encode/Encoding.pm</li>\r\n<li>Encode/Guess.pm</li>\r\n<li>Encode/JP.pm</li>\r\n<li>Encode/KR.pm</li>\r\n<li>Encode/TW.pm</li>\r\n<li>Encode/Symbol.pm</li>\r\n<li>Encode/Unicode.pm</li>\r\n<li>Exporter/Heavy.pm</li>\r\n<li>ExtUtils/Command/MM.pm</li>\r\n<li>ExtUtils/Liblist/Kid.pm</li>\r\n<li>ExtUtils/MakeMaker/bytes.pm</li>\r\n<li>ExtUtils/MakeMaker/vmsish.pm</li>\r\n<li>ExtUtils/Command.pm</li>\r\n<li>ExtUtils/Installed.pm</li>\r\n<li>ExtUtils/Constant.pm</li>\r\n<li>ExtUtils/Embed.pm</li>\r\n<li>ExtUtils/Install.pm</li>\r\n<li>ExtUtils/Liblist.pm</li>\r\n<li>ExtUtils/MM_Cygwin.pm</li>\r\n<li>ExtUtils/MM.pm</li>\r\n<li>ExtUtils/MM_Any.pm</li>\r\n<li>ExtUtils/MM_BeOS.pm</li>\r\n<li>ExtUtils/MakeMaker.pm</li>\r\n<li>ExtUtils/MM_DOS.pm</li>\r\n<li>ExtUtils/MM_MacOS.pm</li>\r\n<li>ExtUtils/MM_NW5.pm</li>\r\n<li>ExtUtils/MM_OS2.pm</li>\r\n<li>ExtUtils/MM_UWIN.pm</li>\r\n<li>ExtUtils/MM_Unix.pm</li>\r\n<li>ExtUtils/MM_VMS.pm</li>\r\n<li>ExtUtils/MM_Win32.pm</li>\r\n<li>ExtUtils/MM_Win95.pm</li>\r\n<li>ExtUtils/MY.pm</li>\r\n<li>ExtUtils/Mkbootstrap.pm</li>\r\n<li>ExtUtils/Manifest.pm</li>\r\n<li>ExtUtils/Miniperl.pm</li>\r\n<li>ExtUtils/Mksymlists.pm</li>\r\n<li>ExtUtils/Packlist.pm</li>\r\n<li>ExtUtils/testlib.pm</li>\r\n<li>File/Spec/Functions.pm</li>\r\n<li>File/Spec/Cygwin.pm</li>\r\n<li>File/Spec/Epoc.pm</li>\r\n<li>File/Spec/Win32.pm</li>\r\n<li>File/Spec/Mac.pm</li>\r\n<li>File/Spec/OS2.pm</li>\r\n<li>File/Spec/Unix.pm</li>\r\n<li>File/Spec/VMS.pm</li>\r\n<li>File/CheckTree.pm</li>\r\n<li>File/Basename.pm</li>\r\n<li>File/Compare.pm</li>\r\n<li>File/Copy.pm</li>\r\n<li>File/DosGlob.pm</li>\r\n<li>File/Find.pm</li>\r\n<li>File/Glob.pm</li>\r\n<li>File/Listing.pm</li>\r\n<li>File/Path.pm</li>\r\n<li>File/Spec.pm</li>\r\n<li>File/Temp.pm</li>\r\n<li>File/stat.pm</li>\r\n<li>Filter/Util/Call.pm</li>\r\n<li>Filter/Simple.pm</li>\r\n<li>GD/Polyline.pm</li>\r\n<li>GD/Simple.pm</li>\r\n<li>Getopt/Long.pm</li>\r\n<li>Getopt/Std.pm</li>\r\n<li>HTML/HeadParser.pm</li>\r\n<li>HTML/Entities.pm</li>\r\n<li>HTML/Filter.pm</li>\r\n<li>HTML/Form.pm</li>\r\n<li>HTML/LinkExtor.pm</li>\r\n<li>HTML/Parser.pm</li>\r\n<li>HTML/PullParser.pm</li>\r\n<li>HTML/Tagset.pm</li>\r\n<li>HTML/Template.pm</li>\r\n<li>HTML/TokeParser.pm</li>\r\n<li>HTTP/Cookies/Microsoft.pm</li>\r\n<li>HTTP/Cookies/Netscape.pm</li>\r\n<li>HTTP/Headers/Auth.pm</li>\r\n<li>HTTP/Headers/ETag.pm</li>\r\n<li>HTTP/Headers/Util.pm</li>\r\n<li>HTTP/Request/Common.pm</li>\r\n<li>HTTP/Negotiate.pm</li>\r\n<li>HTTP/Cookies.pm</li>\r\n<li>HTTP/Daemon.pm</li>\r\n<li>HTTP/Date.pm</li>\r\n<li>HTTP/Headers.pm</li>\r\n<li>HTTP/Message.pm</li>\r\n<li>HTTP/Request.pm</li>\r\n<li>HTTP/Response.pm</li>\r\n<li>HTTP/Status.pm</li>\r\n<li>Hash/Util.pm</li>\r\n<li>I18N/LangTags/Detect.pm</li>\r\n<li>I18N/LangTags/List.pm</li>\r\n<li>I18N/Collate.pm</li>\r\n<li>I18N/LangTags.pm</li>\r\n<li>I18N/Langinfo.pm</li>\r\n<li>IO/Socket/INET.pm</li>\r\n<li>IO/Socket/UNIX.pm</li>\r\n<li>IO/AtomicFile.pm</li>\r\n<li>IO/Dir.pm</li>\r\n<li>IO/File.pm</li>\r\n<li>IO/Handle.pm</li>\r\n<li>IO/InnerFile.pm</li>\r\n<li>IO/Lines.pm</li>\r\n<li>IO/Pipe.pm</li>\r\n<li>IO/Poll.pm</li>\r\n<li>IO/Scalar.pm</li>\r\n<li>IO/ScalarArray.pm</li>\r\n<li>IO/Seekable.pm</li>\r\n<li>IO/Select.pm</li>\r\n<li>IO/Socket.pm</li>\r\n<li>IO/Stringy.pm</li>\r\n<li>IO/Wrap.pm</li>\r\n<li>IO/WrapTie.pm</li>\r\n<li>IPC/Open2.pm</li>\r\n<li>IPC/Msg.pm</li>\r\n<li>IPC/Semaphore.pm</li>\r\n<li>IPC/Open3.pm</li>\r\n<li>IPC/SysV.pm</li>\r\n<li>LWP/Authen/Basic.pm</li>\r\n<li>LWP/Authen/Digest.pm</li>\r\n<li>LWP/Authen/Ntlm.pm</li>\r\n<li>LWP/Protocol/GHTTP.pm</li>\r\n<li>LWP/Protocol/cpan.pm</li>\r\n<li>LWP/Protocol/data.pm</li>\r\n<li>LWP/Protocol/file.pm</li>\r\n<li>LWP/Protocol/ftp.pm</li>\r\n<li>LWP/Protocol/gopher.pm</li>\r\n<li>LWP/Protocol/http.pm</li>\r\n<li>LWP/Protocol/http10.pm</li>\r\n<li>LWP/Protocol/https.pm</li>\r\n<li>LWP/Protocol/https10.pm</li>\r\n<li>LWP/Protocol/loopback.pm</li>\r\n<li>LWP/Protocol/mailto.pm</li>\r\n<li>LWP/Protocol/nntp.pm</li>\r\n<li>LWP/Protocol/nogo.pm</li>\r\n<li>LWP/ConnCache.pm</li>\r\n<li>LWP/Debug.pm</li>\r\n<li>LWP/DebugFile.pm</li>\r\n<li>LWP/MediaTypes.pm</li>\r\n<li>LWP/MemberMixin.pm</li>\r\n<li>LWP/Protocol.pm</li>\r\n<li>LWP/RobotUA.pm</li>\r\n<li>LWP/Simple.pm</li>\r\n<li>LWP/UserAgent.pm</li>\r\n<li>List/Util.pm</li>\r\n<li>Locale/Maketext/GutsLoader.pm</li>\r\n<li>Locale/Maketext/Guts.pm</li>\r\n<li>Locale/Constants.pm</li>\r\n<li>Locale/Country.pm</li>\r\n<li>Locale/Currency.pm</li>\r\n<li>Locale/Language.pm</li>\r\n<li>Locale/Maketext.pm</li>\r\n<li>Locale/Script.pm</li>\r\n<li>MIME/Decoder/QuotedPrint.pm</li>\r\n<li>MIME/Decoder/Base64.pm</li>\r\n<li>MIME/Decoder/BinHex.pm</li>\r\n<li>MIME/Decoder/Binary.pm</li>\r\n<li>MIME/Decoder/Gzip64.pm</li>\r\n<li>MIME/Decoder/NBit.pm</li>\r\n<li>MIME/Decoder/UU.pm</li>\r\n<li>MIME/Field/ConTraEnc.pm</li>\r\n<li>MIME/Field/ContDisp.pm</li>\r\n<li>MIME/Field/ContType.pm</li>\r\n<li>MIME/Field/ParamVal.pm</li>\r\n<li>MIME/Parser/Filer.pm</li>\r\n<li>MIME/Parser/Reader.pm</li>\r\n<li>MIME/Parser/Results.pm</li>\r\n<li>MIME/QuotedPrint.pm</li>\r\n<li>MIME/Base64.pm</li>\r\n<li>MIME/Body.pm</li>\r\n<li>MIME/Decoder.pm</li>\r\n<li>MIME/Entity.pm</li>\r\n<li>MIME/Head.pm</li>\r\n<li>MIME/Parser.pm</li>\r\n<li>MIME/WordDecoder.pm</li>\r\n<li>MIME/Tools.pm</li>\r\n<li>MIME/Words.pm</li>\r\n<li>MLDBM/Serializer/Data/Dumper.pm</li>\r\n<li>MLDBM/Serializer/FreezeThaw.pm</li>\r\n<li>MLDBM/Serializer/Storable.pm</li>\r\n<li>Mail/Field/AddrList.pm</li>\r\n<li>Mail/Field/Date.pm</li>\r\n<li>Mail/Field/Received.pm</li>\r\n<li>Mail/Mailer/qmail.pm</li>\r\n<li>Mail/Mailer/rfc822.pm</li>\r\n<li>Mail/Mailer/sendmail.pm</li>\r\n<li>Mail/Mailer/smtp.pm</li>\r\n<li>Mail/Mailer/testfile.pm</li>\r\n<li>Mail/Sender/CType/Win32.pm</li>\r\n<li>Mail/Sender/CType/Ext.pm</li>\r\n<li>Mail/Address.pm</li>\r\n<li>Mail/Cap.pm</li>\r\n<li>Mail/Field.pm</li>\r\n<li>Mail/Filter.pm</li>\r\n<li>Mail/Header.pm</li>\r\n<li>Mail/Internet.pm</li>\r\n<li>Mail/Mailer.pm</li>\r\n<li>Mail/Send.pm</li>\r\n<li>Mail/Sender.pm</li>\r\n<li>Mail/Sendmail.pm</li>\r\n<li>Mail/Util.pm</li>\r\n<li>Math/BigFloat/Trace.pm</li>\r\n<li>Math/BigInt/CalcEmu.pm</li>\r\n<li>Math/BigInt/Calc.pm</li>\r\n<li>Math/BigInt/Trace.pm</li>\r\n<li>Math/BigFloat.pm</li>\r\n<li>Math/BigInt.pm</li>\r\n<li>Math/BigRat.pm</li>\r\n<li>Math/Complex.pm</li>\r\n<li>Math/Trig.pm</li>\r\n<li>Memoize/AnyDBM_File.pm</li>\r\n<li>Memoize/Expire.pm</li>\r\n<li>Memoize/ExpireFile.pm</li>\r\n<li>Memoize/ExpireTest.pm</li>\r\n<li>Memoize/NDBM_File.pm</li>\r\n<li>Memoize/SDBM_File.pm</li>\r\n<li>Memoize/Storable.pm</li>\r\n<li>Mysql/Statement.pm</li>\r\n<li>Net/FTP/dataconn.pm</li>\r\n<li>Net/FTP/A.pm</li>\r\n<li>Net/FTP/E.pm</li>\r\n<li>Net/FTP/I.pm</li>\r\n<li>Net/FTP/L.pm</li>\r\n<li>Net/HTTP/Methods.pm</li>\r\n<li>Net/HTTP/NB.pm</li>\r\n<li>Net/SNPP/HylaFAX.pm</li>\r\n<li>Net/SNPP/Server.pm</li>\r\n<li>Net/SSLeay/Handle.pm</li>\r\n<li>Net/Cmd.pm</li>\r\n<li>Net/Config.pm</li>\r\n<li>Net/Domain.pm</li>\r\n<li>Net/FTP.pm</li>\r\n<li>Net/HTTP.pm</li>\r\n<li>Net/HTTPS.pm</li>\r\n<li>Net/NNTP.pm</li>\r\n<li>Net/Netrc.pm</li>\r\n<li>Net/PH.pm</li>\r\n<li>Net/POP3.pm</li>\r\n<li>Net/Ping.pm</li>\r\n<li>Net/SMTP.pm</li>\r\n<li>Net/SNPP.pm</li>\r\n<li>Net/SSL.pm</li>\r\n<li>Net/SSLeay.pm</li>\r\n<li>Net/Time.pm</li>\r\n<li>Net/hostent.pm</li>\r\n<li>Net/netent.pm</li>\r\n<li>Net/protoent.pm</li>\r\n<li>Net/servent.pm</li>\r\n<li>OLE/Storage_Lite.pm</li>\r\n<li>Parse/RecDescent.pm</li>\r\n<li>PerlIO/via/QuotedPrint.pm</li>\r\n<li>PerlIO/encoding.pm</li>\r\n<li>PerlIO/scalar.pm</li>\r\n<li>PerlIO/via.pm</li>\r\n<li>Pod/Perldoc/GetOptsOO.pm</li>\r\n<li>Pod/Perldoc/BaseTo.pm</li>\r\n<li>Pod/Perldoc/ToChecker.pm</li>\r\n<li>Pod/Perldoc/ToMan.pm</li>\r\n<li>Pod/Perldoc/ToNroff.pm</li>\r\n<li>Pod/Perldoc/ToPod.pm</li>\r\n<li>Pod/Perldoc/ToRtf.pm</li>\r\n<li>Pod/Perldoc/ToText.pm</li>\r\n<li>Pod/Perldoc/ToTk.pm</li>\r\n<li>Pod/Perldoc/ToXml.pm</li>\r\n<li>Pod/Text/Overstrike.pm</li>\r\n<li>Pod/Text/Color.pm</li>\r\n<li>Pod/Text/Termcap.pm</li>\r\n<li>Pod/Functions.pm</li>\r\n<li>Pod/Checker.pm</li>\r\n<li>Pod/Find.pm</li>\r\n<li>Pod/InputObjects.pm</li>\r\n<li>Pod/Html.pm</li>\r\n<li>Pod/ParseLink.pm</li>\r\n<li>Pod/LaTeX.pm</li>\r\n<li>Pod/Man.pm</li>\r\n<li>Pod/ParseUtils.pm</li>\r\n<li>Pod/Parser.pm</li>\r\n<li>Pod/Perldoc.pm</li>\r\n<li>Pod/PlainText.pm</li>\r\n<li>Pod/Plainer.pm</li>\r\n<li>Pod/Select.pm</li>\r\n<li>Pod/Text.pm</li>\r\n<li>Pod/Usage.pm</li>\r\n<li>SQL/Dialects/AnyData.pm</li>\r\n<li>SQL/Dialects/ANSI.pm</li>\r\n<li>SQL/Dialects/CSV.pm</li>\r\n<li>SQL/Statement/GetInfo.pm</li>\r\n<li>SQL/Parser.pm</li>\r\n<li>SQL/Eval.pm</li>\r\n<li>SQL/Statement.pm</li>\r\n<li>Scalar/Util.pm</li>\r\n<li>Search/Dict.pm</li>\r\n<li>Spreadsheet/ParseExcel/FmtDefault.pm</li>\r\n<li>Spreadsheet/ParseExcel/Dump.pm</li>\r\n<li>Spreadsheet/ParseExcel/FmtJapan2.pm</li>\r\n<li>Spreadsheet/ParseExcel/FmtJapan.pm</li>\r\n<li>Spreadsheet/ParseExcel/FmtUnicode.pm</li>\r\n<li>Spreadsheet/ParseExcel/SaveParser.pm</li>\r\n<li>Spreadsheet/ParseExcel/Utility.pm</li>\r\n<li>Spreadsheet/WriteExcel/BIFFwriter.pm</li>\r\n<li>Spreadsheet/WriteExcel/Big.pm</li>\r\n<li>Spreadsheet/WriteExcel/Chart.pm</li>\r\n<li>Spreadsheet/WriteExcel/Format.pm</li>\r\n<li>Spreadsheet/WriteExcel/Formula.pm</li>\r\n<li>Spreadsheet/WriteExcel/OLEwriter.pm</li>\r\n<li>Spreadsheet/WriteExcel/Utility.pm</li>\r\n<li>Spreadsheet/WriteExcel/Workbook.pm</li>\r\n<li>Spreadsheet/WriteExcel/WorkbookBig.pm</li>\r\n<li>Spreadsheet/WriteExcel/Worksheet.pm</li>\r\n<li>Spreadsheet/ParseExcel.pm</li>\r\n<li>Spreadsheet/WriteExcel.pm</li>\r\n<li>Sys/Hostname.pm</li>\r\n<li>Sys/Syslog.pm</li>\r\n<li>Term/ANSIColor.pm</li>\r\n<li>Term/Cap.pm</li>\r\n<li>Term/Complete.pm</li>\r\n<li>Term/ReadLine.pm</li>\r\n<li>Test/Harness/Assert.pm</li>\r\n<li>Test/Harness/Iterator.pm</li>\r\n<li>Test/Harness/Straps.pm</li>\r\n<li>Test/Builder.pm</li>\r\n<li>Test/Harness.pm</li>\r\n<li>Test/Manifest.pm</li>\r\n<li>Test/More.pm</li>\r\n<li>Test/Simple.pm</li>\r\n<li>Text/Template/Preprocess.pm</li>\r\n<li>Text/ParseWords.pm</li>\r\n<li>Text/Abbrev.pm</li>\r\n<li>Text/Balanced.pm</li>\r\n<li>Text/CSV.pm</li>\r\n<li>Text/CSV_XS.pm</li>\r\n<li>Text/Iconv.pm</li>\r\n<li>Text/SimpleTemplate.pm</li>\r\n<li>Text/Soundex.pm</li>\r\n<li>Text/Tabs.pm</li>\r\n<li>Text/Template.pm</li>\r\n<li>Text/Wrap.pm</li>\r\n<li>Thread/Semaphore.pm</li>\r\n<li>Thread/Queue.pm</li>\r\n<li>Tie/SubstrHash.pm</li>\r\n<li>Tie/Array.pm</li>\r\n<li>Tie/File.pm</li>\r\n<li>Tie/Handle.pm</li>\r\n<li>Tie/Hash.pm</li>\r\n<li>Tie/Memoize.pm</li>\r\n<li>Tie/RefHash.pm</li>\r\n<li>Tie/Scalar.pm</li>\r\n<li>Time/localtime.pm</li>\r\n<li>Time/HiRes.pm</li>\r\n<li>Time/Local.pm</li>\r\n<li>Time/gmtime.pm</li>\r\n<li>Time/tm.pm</li>\r\n<li>URI/file/Win32.pm</li>\r\n<li>URI/file/Base.pm</li>\r\n<li>URI/file/FAT.pm</li>\r\n<li>URI/file/Mac.pm</li>\r\n<li>URI/file/OS2.pm</li>\r\n<li>URI/file/QNX.pm</li>\r\n<li>URI/file/Unix.pm</li>\r\n<li>URI/urn/isbn.pm</li>\r\n<li>URI/urn/oid.pm</li>\r\n<li>URI/Heuristic.pm</li>\r\n<li>URI/Escape.pm</li>\r\n<li>URI/QueryParam.pm</li>\r\n<li>URI/Split.pm</li>\r\n<li>URI/URL.pm</li>\r\n<li>URI/WithBase.pm</li>\r\n<li>URI/_foreign.pm</li>\r\n<li>URI/_generic.pm</li>\r\n<li>URI/_ldap.pm</li>\r\n<li>URI/_login.pm</li>\r\n<li>URI/_query.pm</li>\r\n<li>URI/_segment.pm</li>\r\n<li>URI/_server.pm</li>\r\n<li>URI/_userpass.pm</li>\r\n<li>URI/data.pm</li>\r\n<li>URI/file.pm</li>\r\n<li>URI/ftp.pm</li>\r\n<li>URI/gopher.pm</li>\r\n<li>URI/http.pm</li>\r\n<li>URI/https.pm</li>\r\n<li>URI/ldap.pm</li>\r\n<li>URI/ldapi.pm</li>\r\n<li>URI/ldaps.pm</li>\r\n<li>URI/mailto.pm</li>\r\n<li>URI/mms.pm</li>\r\n<li>URI/news.pm</li>\r\n<li>URI/nntp.pm</li>\r\n<li>URI/pop.pm</li>\r\n<li>URI/rlogin.pm</li>\r\n<li>URI/rsync.pm</li>\r\n<li>URI/rtsp.pm</li>\r\n<li>URI/rtspu.pm</li>\r\n<li>URI/sip.pm</li>\r\n<li>URI/sips.pm</li>\r\n<li>URI/snews.pm</li>\r\n<li>URI/ssh.pm</li>\r\n<li>URI/telnet.pm</li>\r\n<li>URI/tn3270.pm</li>\r\n<li>URI/urn.pm</li>\r\n<li>Unicode/Normalize.pm</li>\r\n<li>Unicode/CharName.pm</li>\r\n<li>Unicode/Collate.pm</li>\r\n<li>Unicode/Map.pm</li>\r\n<li>Unicode/String.pm</li>\r\n<li>Unicode/UCD.pm</li>\r\n<li>User/grent.pm</li>\r\n<li>User/pwent.pm</li>\r\n<li>WWW/RobotRules/AnyDBM_File.pm</li>\r\n<li>WWW/RobotRules.pm</li>\r\n<li>Win32/DBIODBC.pm</li>\r\n<li>XBase/Index.pm</li>\r\n<li>XBase/Base.pm</li>\r\n<li>XBase/Memo.pm</li>\r\n<li>XBase/SDBM.pm</li>\r\n<li>XBase/SQL.pm</li>\r\n<li>XML/DOM/DOMException.pm</li>\r\n<li>XML/DOM/NamedNodeMap.pm</li>\r\n<li>XML/DOM/NodeList.pm</li>\r\n<li>XML/DOM/PerlSAX.pm</li>\r\n<li>XML/Handler/CanonXMLWriter.pm</li>\r\n<li>XML/Handler/BuildDOM.pm</li>\r\n<li>XML/Handler/XMLWriter.pm</li>\r\n<li>XML/Handler/Sample.pm</li>\r\n<li>XML/Handler/Subs.pm</li>\r\n<li>XML/Parser/Style/Debug.pm</li>\r\n<li>XML/Parser/Style/Objects.pm</li>\r\n<li>XML/Parser/Style/Stream.pm</li>\r\n<li>XML/Parser/Style/Subs.pm</li>\r\n<li>XML/Parser/Style/Tree.pm</li>\r\n<li>XML/Parser/Expat.pm</li>\r\n<li>XML/Parser/PerlSAX.pm</li>\r\n<li>XML/PatAct/ActionTempl.pm</li>\r\n<li>XML/PatAct/Amsterdam.pm</li>\r\n<li>XML/PatAct/MatchName.pm</li>\r\n<li>XML/PatAct/PatternTempl.pm</li>\r\n<li>XML/PatAct/ToObjects.pm</li>\r\n<li>XML/Sablotron/DOM/DOMHandler.pm</li>\r\n<li>XML/Sablotron/Situation/DOMHandlerDispatcher.pm</li>\r\n<li>XML/Sablotron/Processor.pm</li>\r\n<li>XML/Sablotron/DOM.pm</li>\r\n<li>XML/Sablotron/SAXBuilder.pm</li>\r\n<li>XML/Sablotron/SXP.pm</li>\r\n<li>XML/Sablotron/Situation.pm</li>\r\n<li>XML/ESISParser.pm</li>\r\n<li>XML/CSV.pm</li>\r\n<li>XML/DOM.pm</li>\r\n<li>XML/Sablotron.pm</li>\r\n<li>XML/Parser.pm</li>\r\n<li>XML/Perl2SAX.pm</li>\r\n<li>XML/RSS.pm</li>\r\n<li>XML/RegExp.pm</li>\r\n<li>XML/SAX2Perl.pm</li>\r\n<li>XML/Simple.pm</li>\r\n<li>XML/XSLT.pm</li>\r\n<li>threads/shared.pm</li>\r\n<li>warnings/register.pm</li>\r\n<li>AnyDBM_File.pm</li>\r\n<li>AutoLoader.pm</li>\r\n<li>AutoSplit.pm</li>\r\n<li>B.pm</li>\r\n<li>Benchmark.pm</li>\r\n<li>ByteLoader.pm</li>\r\n<li>CGI.pm</li>\r\n<li>CPAN.pm</li>\r\n<li>Carp.pm</li>\r\n<li>Config.pm</li>\r\n<li>Cwd.pm</li>\r\n<li>DB.pm</li>\r\n<li>DBI.pm</li>\r\n<li>DBM_Filter.pm</li>\r\n<li>DB_File.pm</li>\r\n<li>Digest.pm</li>\r\n<li>DirHandle.pm</li>\r\n<li>Dumpvalue.pm</li>\r\n<li>DynaLoader.pm</li>\r\n<li>Encode.pm</li>\r\n<li>English.pm</li>\r\n<li>Env.pm</li>\r\n<li>Errno.pm</li>\r\n<li>Exporter.pm</li>\r\n<li>Fatal.pm</li>\r\n<li>Fcntl.pm</li>\r\n<li>FileCache.pm</li>\r\n<li>FileHandle.pm</li>\r\n<li>FindBin.pm</li>\r\n<li>GD.pm</li>\r\n<li>IO.pm</li>\r\n<li>LWP.pm</li>\r\n<li>MLDBM.pm</li>\r\n<li>Memoize.pm</li>\r\n<li>Mysql.pm</li>\r\n<li>NDBM_File.pm</li>\r\n<li>NEXT.pm</li>\r\n<li>O.pm</li>\r\n<li>Opcode.pm</li>\r\n<li>POSIX.pm</li>\r\n<li>PerlIO.pm</li>\r\n<li>Safe.pm</li>\r\n<li>SDBM_File.pm</li>\r\n<li>SelectSaver.pm</li>\r\n<li>SelfLoader.pm</li>\r\n<li>Shell.pm</li>\r\n<li>Socket.pm</li>\r\n<li>Storable.pm</li>\r\n<li>Switch.pm</li>\r\n<li>Symbol.pm</li>\r\n<li>Test.pm</li>\r\n<li>Thread.pm</li>\r\n<li>UNIVERSAL.pm</li>\r\n<li>URI.pm</li>\r\n<li>XBase.pm</li>\r\n<li>XSLoader.pm</li>\r\n<li>attributes.pm</li>\r\n<li>attrs.pm</li>\r\n<li>autouse.pm</li>\r\n<li>base.pm</li>\r\n<li>bigint.pm</li>\r\n<li>bignum.pm</li>\r\n<li>bigrat.pm</li>\r\n<li>blib.pm</li>\r\n<li>bytes.pm</li>\r\n<li>charnames.pm</li>\r\n<li>constant.pm</li>\r\n<li>diagnostics.pm</li>\r\n<li>encoding.pm</li>\r\n<li>fields.pm</li>\r\n<li>filetest.pm</li>\r\n<li>if.pm</li>\r\n<li>integer.pm</li>\r\n<li>less.pm</li>\r\n<li>lib.pm</li>\r\n<li>locale.pm</li>\r\n<li>open.pm</li>\r\n<li>ops.pm</li>\r\n<li>overload.pm</li>\r\n<li>re.pm</li>\r\n<li>sigtrap.pm</li>\r\n<li>sort.pm</li>\r\n<li>strict.pm</li>\r\n<li>subs.pm</li>\r\n<li>threads.pm</li>\r\n<li>utf8.pm</li>\r\n<li>vars.pm</li>\r\n<li>vmsish.pm</li>\r\n<li>warnings.pm</li>\r\n</ul>\r\n\r\n</div>', 'What Perl modules you can use', 'en', 1, 2),
(7, 'phpexample', 'PHP example', '<div class=''small-12 columns''>\n	<p>Below example illustrate how to create basic PHP app with external class. It''s really simple!</p>\n\n	<div class=''small-12 columns phpfyembd4'' style=''height: 350px;''></div>\n    <script type=''text/javascript'' src=''/embed/4''></script>\n\n</div>', 'Short example how to create PHP scripts', 'en', 1, 2),
(8, 'perlexample', 'Perl example', '<div class=''small-12 columns''>\r\n	<p>Below example illustrate how to create basic Perl app using package. It''s really simple!</p>\r\n\r\n	<div class=''small-12 columns phpfyembd5'' style=''height: 500px;''></div>\r\n    <script type=''text/javascript'' src=''/embed/5''></script>\r\n\r\n</div>', 'Short example of the script in Perl', 'en', 1, 2),
(9, 'pythonexample', 'Python example', '<div class=''small-12 columns''>\r\n	<p>Below example illustrate how to create basic Python script importing other file. It''s really simple!</p>\r\n\r\n	<div class=''small-12 columns phpfyembd6'' style=''height: 400px;''></div>\r\n    <script type=''text/javascript'' src=''/embed/6''></script>\r\n\r\n</div>', 'Short example how to create python scripts', 'en', 1, 2),
(10, 'jsexample', 'JS example', '<div class=''small-12 columns''>\n	<p>Below example illustrate how to connect your html page with php backend using js ajax requests.</p>\n\n	<div class=''small-12 columns phpfyembd7'' style=''height: 400px;''></div>\n    <script type=''text/javascript'' src=''/embed/7''></script>\n\n</div>', 'How to use JS to call php script', 'en', 1, 2),
(11, 'news', 'News', 'news', 'News', 'en', 1, 3),
(12, 'contact', 'Contact', '...', 'Send us an email', 'en', 1, 4),
(13, 'comments', 'Your comments', '<div class=''small-12 columns'' id=''cms_comments''>\r\n\r\n</div>\r\n\r\n<script>\r\n	phpfy.ajaxRequest( ''/?mod=project&pg=comments&id=40d8e8a334'', \r\n                          [], \r\n                          ''cms_comments'', \r\n                          null, \r\n                          null, \r\n                          ''yes'' );\r\n</script>', 'Tell us what you think', 'en', 1, 4);

-- --------------------------------------------------------

--
-- Table structure for table `phpfy_cms_category`
--

DROP TABLE IF EXISTS `phpfy_cms_category`;
CREATE TABLE IF NOT EXISTS `phpfy_cms_category` (
  `id` int(10) unsigned NOT NULL AUTO_INCREMENT,
  `title` varchar(255) NOT NULL,
  `url` varchar(100) NOT NULL,
  `status` int(11) NOT NULL,
  PRIMARY KEY (`id`),
  UNIQUE KEY `url` (`url`)
) ENGINE=InnoDB  DEFAULT CHARSET=utf8 AUTO_INCREMENT=5 ;

--
-- Dumping data for table `phpfy_cms_category`
--

INSERT INTO `phpfy_cms_category` (`id`, `title`, `url`, `status`) VALUES
(1, 'Info', 'info', 1),
(2, 'Help', 'help', 1),
(3, 'News', 'news', 1),
(4, 'Contact', 'contact', 1);

-- --------------------------------------------------------

--
-- Table structure for table `phpfy_code`
--

DROP TABLE IF EXISTS `phpfy_code`;
CREATE TABLE IF NOT EXISTS `phpfy_code` (
  `id` int(10) unsigned NOT NULL AUTO_INCREMENT,
  `name` varchar(40) NOT NULL,
  `type` varchar(20) NOT NULL,
  `code` blob NOT NULL,
  `project` int(10) unsigned NOT NULL,
  `options` text NOT NULL,
  PRIMARY KEY (`id`),
  UNIQUE KEY `name` (`name`,`project`),
  KEY `project` (`project`)
) ENGINE=InnoDB  DEFAULT CHARSET=utf8 AUTO_INCREMENT=99 ;

--
-- Dumping data for table `phpfy_code`
--

INSERT INTO `phpfy_code` (`id`, `name`, `type`, `code`, `project`, `options`) VALUES
(2, 'index.js', 'javascript', 0x2f2f2066756e6b636a65206f67efbfbd6f737a65efbfbd0a0a4175746f636f6d706c657465666f726d6174526573756c74203d2066756e6374696f6e202873756767657374696f6e2c2063757272656e7456616c756529207b0a090a09097661722076616c756573203d2063757272656e7456616c75652e73706c697428272027293b0a090976617220737567203d2073756767657374696f6e2e76616c75653b0a090a0909666f72202820766172206920696e2076616c7565732029207b0a090909696620282076616c7565735b695d2029207b0a09090909766172207061747465726e203d20272827202b20242e4175746f636f6d706c6574652e7574696c732e657363617065526567457843686172732876616c7565735b695d29202b202729273b0a09090909737567203d207375672e7265706c616365286e657720526567457870287061747465726e2c2027676927292c20273c7374726f6e673e24313c5c2f7374726f6e673e27293b0a0909097d0a09097d0a09090a090972657475726e207375673b0a202020207d3b0a0a66756e6374696f6e20726f7a77696e28782c20747874312c2074787432290a7b0a2020202069662028782e696e6e657248544d4c203d3d2074787431290a202020207b0a2020202020202020242822615b636c6173732a3d27706f6b617a5f6f70697379275d22292e68746d6c2874787432293b0a2020202020202020242822692e6f70697322292e66616465496e2827736c6f7727293b202f2f616464436c61737328276f7069735f6f6e27293b0a20202020202020200a202020207d656c73650a202020207b0a2020202020202020242822615b636c6173732a3d27706f6b617a5f6f70697379275d22292e68746d6c2874787431293b0a2020202020202020242822692e6f70697322292e666164654f75742827736c6f7727293b0a202020207d0a202020200a20202020782e626c757228293b0a202020200a2020202072657475726e2066616c73653b0a7d0a0a66756e6374696f6e207779637a7973635f666f726d28290a7b0a202020206c6f636174696f6e2e68726566203d20272f737a756b616a2c2c2c2c2c2e68746d6c273b0a7d0a0a66756e6374696f6e20756c7562696f6e65286964290a7b0a2020202024282723756c755f272b6964292e6c6f616428276178636f6e74656e742e7068703f6d6f643d6d61696e2670673d756c7562696f6e652669643d272b6964293b0a2020202024282723756c755f272b6964292e626c757228293b0a202020200a2020202072657475726e2066616c73653b0a7d0a0a0a76617220636c6f73654964203d20303b0a0a66756e6374696f6e207a616d6b6e696a28290a7b0a0a202020202428276469765b636c6173732a3d2277696563656a5f636f6e74225d27292e656163682866756e6374696f6e2028297b0a2020202020202020242874686973292e666164654f75742827736c6f7727293b0a202020207d293b0a20202020242827615b636c6173732a3d2277696563656a5f6c69225d27292e72656d6f7665436c61737328276c695f686f76657227293b0a0a20202020636c65617254696d656f757428636c6f73654964293b0a20202020636c6f73654964203d20303b202020200a7d0a0a2428646f63756d656e74292e72656164792866756e6374696f6e2829207b200a202020200a202020242827615b636c6173733d22747974756c5f636c69636b225d27292e636c69636b2866756e6374696f6e20286576290a2020207b0a20202020202020242827236f7069735f272b242874686973292e61747472282772656c2729292e746f67676c652827736c6f7727293b0a2020202020202065762e70726576656e7444656661756c7428293b0a20202020202020242874686973292e626c757228293b0a2020207d293b0a202020200a2020202428276c695b636c6173732a3d2277696563656a5f7472225d27292e6d6f757365656e7465722866756e6374696f6e2028290a2020207b0a202020202020207a616d6b6e696a28293b0a202020202020206964203d20242874686973292e61747472282769642729202b20275f636f6e74656e74273b0a202020202020206f6666203d20242874686973292e6f666673657428293b0a20202020202020615f746f70203d204d6174682e726f756e64282428272327202b206964292e6865696768742829202f2032293b0a20202020202020615f746f70203d207061727365496e74286f66662e746f70202d20615f746f70293b0a2020202020202069662028615f746f70203c2031302920615f746f70203d2031303b0a202020202020206c656674203d207061727365496e74286f66662e6c656674202b20242874686973292e696e6e657257696474682829293b0a202020202020200a202020202020202428272327202b206964292e637373287b276c656674273a206c656674202b20277078272c2027746f70273a20615f746f70202b20277078277d293b0a202020202020202428272327202b206964292e66616465496e2827736c6f7727293b200a202020202020202428272327202b20242874686973292e61747472282769642729202b20275f6127292e616464436c61737328276c695f686f76657227293b0a20202020202020202020202020200a2020207d293b0a2020200a2020202428276c695b636c6173732a3d2277696563656a5f7472225d27292e6d6f7573656c656176652866756e6374696f6e2028290a2020207b0a2020202020202020636c6f73654964203d2073657454696d656f757428227a616d6b6e696a28293b222c2031303030293b0a2020207d293b0a2020200a2020202428276469765b636c6173732a3d2277696563656a5f636f6e74225d27292e6d6f757365656e7465722866756e6374696f6e2028290a2020207b0a2020202020202069662028636c6f73654964213d30290a202020202020207b0a2020202020202020202020636c65617254696d656f757428636c6f73654964293b0a2020202020202020202020636c6f73654964203d20303b200a202020202020207d0a2020207d293b0a2020200a2020202428276469765b636c6173732a3d2277696563656a5f636f6e74225d27292e6d6f7573656c656176652866756e6374696f6e2028290a2020207b0a2020202020202020636c6f73654964203d2073657454696d656f757428227a616d6b6e696a28293b222c2031303030293b0a2020207d293b0a2020200a2020202428646f63756d656e74292e636c69636b2866756e6374696f6e2028290a2020207b202020202020202020202020202020202020202020202020202020202020202020202020202020202020202020200a202020202020207a616d6b6e696a28293b0a2020207d293b0a2020200a202020242822236d656e755f666e6422292e6175746f636f6d706c657465287b7365727669636555726c3a20276178636f6e74656e742e706870272c20706172616d733a207b6d6f64653a276672617a61272c206d6f643a20276d61696e272c2070673a202768696e74277d2c20666f726d6174526573756c743a204175746f636f6d706c657465666f726d6174526573756c74207d293b0a20202024282223676c6f776e615f666e6422292e6175746f636f6d706c657465287b7365727669636555726c3a20276178636f6e74656e742e706870272c20706172616d733a207b6d6f64653a276672617a61272c206d6f643a20276d61696e272c2070673a202768696e74277d2c20666f726d6174526573756c743a204175746f636f6d706c657465666f726d6174526573756c74207d293b0a202020242822236d656e755f6d696173746f22292e6175746f636f6d706c657465287b7365727669636555726c3a20276178636f6e74656e742e706870272c20706172616d733a207b6d6f64653a276d696173746f272c206d6f643a20276d61696e272c2070673a202768696e74277d2c20666f726d6174526573756c743a204175746f636f6d706c657465666f726d6174526573756c74207d293b0a2020202020202020202020202020202020202020202020202020202020202020202020202020202020202020202020202020202020202020202020202020202020202020202020202020202020202020202020202020202020202020202020202020202020202020200a7d293b0a, 1, ''),
(9, 'index.html', 'html', 0x3c703e746869732073686f756c6420626520676f6e653c2f703e0d0a0d0a3c6469762069643d27656d62656427207374796c653d2777696474683a2035303070783b206865696768743a203430307078273e0d0a202020200d0a3c64697620636c6173733d227068706679656d626433223e3c2f6469763e0d0a3c73637269707420747970653d27746578742f6a61766173637269707427207372633d272f2f70687066793a383038302f656d6265642f33273e3c2f7363726970743e0d0a3c2f6469763e0d0a, 1, '{"html":"<html>","query":"","jquery":"\\/\\/code.jquery.com\\/jquery-1.11.3.min.js","angular":"no","bootstrap":"no","foundation":"no","css":"","scripts":""}'),
(10, 'test.js', 'javascript', 0x646f63756d656e742e77726974652827746573742e7068702729, 1, '{"html":"<html>","query":"","jquery":"\\/\\/code.jquery.com\\/jquery-1.11.3.min.js","scripts":""}'),
(12, 'test.text', 'text', 0x68756775690a0a6b703b6c, 1, 'null'),
(15, 'test.php', 'php', 0x3c7072653e0d0a3c3f7068700d0a0d0a66756e6374696f6e206769766552756c6528202624532029207b0d0a202020202472756c6573203d205b20274142272c20274241272c20274342272c20274243272c20274141272c2027434327205d3b0d0a20202020666f72656163682028202472756c657320617320246b6579203d3e202476616c2029207b0d0a20202020202020206966202820737472706f73282024532c202476616c2029203d3d3d2066616c73652029207b0d0a202020202020202020202020756e73657428202472756c65735b246b65795d20293b0d0a20202020202020207d0d0a202020207d0d0a202020202472756c6573203d2061727261795f76616c75657328202472756c657320293b0d0a202020206966202820636f756e7428202472756c65732029203d3d203020292072657475726e2066616c73653b0d0a2020202072657475726e202472756c65735b2072616e642820302c20636f756e7428202472756c65732029202d312029205d3b0d0a7d0d0a0d0a66756e6374696f6e207265706c61636552756c6528202624532c202472756c652029207b0d0a20202020247265706c616365203d205b2027414227203d3e20274141272c2027424127203d3e20274141272c2027434227203d3e20274343272c2027424327203d3e20274343272c2027414127203d3e202741272c2027434327203d3e20274327205d3b0d0a202020200d0a202020202453203d207375627374725f7265706c616365282024532c20247265706c6163655b2472756c655d2c20737472706f73282024532c202472756c6520292c203220293b0d0a7d0d0a0d0a66756e6374696f6e20736f6c7574696f6e28245329207b0d0a202020207768696c652028202472756c65203d206769766552756c652820245320292029207b0d0a20202020202020207265706c61636552756c65282024532c202472756c6520293b0d0a202020207d0d0a2020202072657475726e2024533b0d0a7d0d0a0d0a6563686f20736f6c7574696f6e2820274142424343424241414142424141434342424143422720293b, 1, '{"postdata":"test1[aa]=testpost\\r\\ntest2=testpost2","getdata":"","version":"5.4"}'),
(18, 'index.php', 'php', 0x3c3f7068700d0a202020206563686f202768656c6c6f273b, 3, '{"postdata":"","getdata":"","version":"5.4"}'),
(47, 'index.js', 'javascript', 0x2f2f2066756e6b636a65206f67efbfbd6f737a65efbfbd0a0a4175746f636f6d706c657465666f726d6174526573756c74203d2066756e6374696f6e202873756767657374696f6e2c2063757272656e7456616c756529207b0a090a09097661722076616c756573203d2063757272656e7456616c75652e73706c697428272027293b0a090976617220737567203d2073756767657374696f6e2e76616c75653b0a090a0909666f72202820766172206920696e2076616c7565732029207b0a090909696620282076616c7565735b695d2029207b0a09090909766172207061747465726e203d20272827202b20242e4175746f636f6d706c6574652e7574696c732e657363617065526567457843686172732876616c7565735b695d29202b202729273b0a09090909737567203d207375672e7265706c616365286e657720526567457870287061747465726e2c2027676927292c20273c7374726f6e673e24313c5c2f7374726f6e673e27293b0a0909097d0a09097d0a09090a090972657475726e207375673b0a202020207d3b0a0a66756e6374696f6e20726f7a77696e28782c20747874312c2074787432290a7b0a2020202069662028782e696e6e657248544d4c203d3d2074787431290a202020207b0a2020202020202020242822615b636c6173732a3d27706f6b617a5f6f70697379275d22292e68746d6c2874787432293b0a2020202020202020242822692e6f70697322292e66616465496e2827736c6f7727293b202f2f616464436c61737328276f7069735f6f6e27293b0a20202020202020200a202020207d656c73650a202020207b0a2020202020202020242822615b636c6173732a3d27706f6b617a5f6f70697379275d22292e68746d6c2874787431293b0a2020202020202020242822692e6f70697322292e666164654f75742827736c6f7727293b0a202020207d0a202020200a20202020782e626c757228293b0a202020200a2020202072657475726e2066616c73653b0a7d0a0a66756e6374696f6e207779637a7973635f666f726d28290a7b0a202020206c6f636174696f6e2e68726566203d20272f737a756b616a2c2c2c2c2c2e68746d6c273b0a7d0a0a66756e6374696f6e20756c7562696f6e65286964290a7b0a2020202024282723756c755f272b6964292e6c6f616428276178636f6e74656e742e7068703f6d6f643d6d61696e2670673d756c7562696f6e652669643d272b6964293b0a2020202024282723756c755f272b6964292e626c757228293b0a202020200a2020202072657475726e2066616c73653b0a7d0a0a0a76617220636c6f73654964203d20303b0a0a66756e6374696f6e207a616d6b6e696a28290a7b0a0a202020202428276469765b636c6173732a3d2277696563656a5f636f6e74225d27292e656163682866756e6374696f6e2028297b0a2020202020202020242874686973292e666164654f75742827736c6f7727293b0a202020207d293b0a20202020242827615b636c6173732a3d2277696563656a5f6c69225d27292e72656d6f7665436c61737328276c695f686f76657227293b0a0a20202020636c65617254696d656f757428636c6f73654964293b0a20202020636c6f73654964203d20303b202020200a7d0a0a2428646f63756d656e74292e72656164792866756e6374696f6e2829207b200a202020200a202020242827615b636c6173733d22747974756c5f636c69636b225d27292e636c69636b2866756e6374696f6e20286576290a2020207b0a20202020202020242827236f7069735f272b242874686973292e61747472282772656c2729292e746f67676c652827736c6f7727293b0a2020202020202065762e70726576656e7444656661756c7428293b0a20202020202020242874686973292e626c757228293b0a2020207d293b0a202020200a2020202428276c695b636c6173732a3d2277696563656a5f7472225d27292e6d6f757365656e7465722866756e6374696f6e2028290a2020207b0a202020202020207a616d6b6e696a28293b0a202020202020206964203d20242874686973292e61747472282769642729202b20275f636f6e74656e74273b0a202020202020206f6666203d20242874686973292e6f666673657428293b0a20202020202020615f746f70203d204d6174682e726f756e64282428272327202b206964292e6865696768742829202f2032293b0a20202020202020615f746f70203d207061727365496e74286f66662e746f70202d20615f746f70293b0a2020202020202069662028615f746f70203c2031302920615f746f70203d2031303b0a202020202020206c656674203d207061727365496e74286f66662e6c656674202b20242874686973292e696e6e657257696474682829293b0a202020202020200a202020202020202428272327202b206964292e637373287b276c656674273a206c656674202b20277078272c2027746f70273a20615f746f70202b20277078277d293b0a202020202020202428272327202b206964292e66616465496e2827736c6f7727293b200a202020202020202428272327202b20242874686973292e61747472282769642729202b20275f6127292e616464436c61737328276c695f686f76657227293b0a20202020202020202020202020200a2020207d293b0a2020200a2020202428276c695b636c6173732a3d2277696563656a5f7472225d27292e6d6f7573656c656176652866756e6374696f6e2028290a2020207b0a2020202020202020636c6f73654964203d2073657454696d656f757428227a616d6b6e696a28293b222c2031303030293b0a2020207d293b0a2020200a2020202428276469765b636c6173732a3d2277696563656a5f636f6e74225d27292e6d6f757365656e7465722866756e6374696f6e2028290a2020207b0a2020202020202069662028636c6f73654964213d30290a202020202020207b0a2020202020202020202020636c65617254696d656f757428636c6f73654964293b0a2020202020202020202020636c6f73654964203d20303b200a202020202020207d0a2020207d293b0a2020200a2020202428276469765b636c6173732a3d2277696563656a5f636f6e74225d27292e6d6f7573656c656176652866756e6374696f6e2028290a2020207b0a2020202020202020636c6f73654964203d2073657454696d656f757428227a616d6b6e696a28293b222c2031303030293b0a2020207d293b0a2020200a2020202428646f63756d656e74292e636c69636b2866756e6374696f6e2028290a2020207b202020202020202020202020202020202020202020202020202020202020202020202020202020202020202020200a202020202020207a616d6b6e696a28293b0a2020207d293b0a2020200a202020242822236d656e755f666e6422292e6175746f636f6d706c657465287b7365727669636555726c3a20276178636f6e74656e742e706870272c20706172616d733a207b6d6f64653a276672617a61272c206d6f643a20276d61696e272c2070673a202768696e74277d2c20666f726d6174526573756c743a204175746f636f6d706c657465666f726d6174526573756c74207d293b0a20202024282223676c6f776e615f666e6422292e6175746f636f6d706c657465287b7365727669636555726c3a20276178636f6e74656e742e706870272c20706172616d733a207b6d6f64653a276672617a61272c206d6f643a20276d61696e272c2070673a202768696e74277d2c20666f726d6174526573756c743a204175746f636f6d706c657465666f726d6174526573756c74207d293b0a202020242822236d656e755f6d696173746f22292e6175746f636f6d706c657465287b7365727669636555726c3a20276178636f6e74656e742e706870272c20706172616d733a207b6d6f64653a276d696173746f272c206d6f643a20276d61696e272c2070673a202768696e74277d2c20666f726d6174526573756c743a204175746f636f6d706c657465666f726d6174526573756c74207d293b0a2020202020202020202020202020202020202020202020202020202020202020202020202020202020202020202020202020202020202020202020202020202020202020202020202020202020202020202020202020202020202020202020202020202020202020200a7d293b0a, 9, ''),
(48, 'index.html', 'html', 0x3c7374796c653e0d0a20202020626f64797b0d0a20202020202020206261636b67726f756e643a207265643b0d0a202020207d0d0a3c2f7374796c653e0d0a0d0a3c666f726d20616374696f6e3d27746573742e7068703f6173643d61736427206d6574686f643d27706f73742720656e63747970653d226d756c7469706172742f666f726d2d64617461223e0d0a202020203c696e70757420747970653d277375626d6974272076616c75653d27676f273e0d0a202020203c696e70757420747970653d277465787427206e616d653d27746573745b315d273e0d0a202020203c696e70757420747970653d2766696c6527206e616d653d277465737432273e0d0a3c2f666f726d3e, 9, '{"html":"<html>","query":"","jquery":"http:\\/\\/v1","angular":"no","css":"asd","scripts":"asdjhhi"}'),
(49, 'test.js', 'javascript', 0x646f63756d656e742e77726974652827746573742e7068702729, 9, '{"html":"<html>","query":"","jquery":"no","scripts":""}'),
(50, 'test.text', 'text', 0x68756775690a0a6b703b6c, 9, 'null'),
(51, 'test.php', 'php', 0x3c7072653e0d0a3c3f7068700d0a0d0a7072696e745f7228245f504f5354293b0d0a7072696e745f7228245f474554293b0d0a7072696e745f7228245f46494c4553293b0d0a0d0a6563686f20273c703e3c6120687265663d22696e6465782e68746d6c223e6261636b3c2f613e3c2f703e273b0d0a0d0a6563686f206d643528206d6435282027746573742729293b0d0a0d0a6563686f20225c6e615c6e223b0d0a0d0a247469746c65203d20646563686578282074696d652829202d203336313836353430302029202e20646563686578282072616e642820302c2031303030202920293b0d0a246b6579203d206d643528207374725f73687566666c652820247469746c652029202e2072616e642820312c20313030202920293b0d0a20202020202020200d0a6563686f20246b65793b20202020202020200d0a, 9, '{"postdata":"test1[aa]=testpost\\r\\ntest2=testpost2","getdata":"","version":"5.4"}'),
(52, 'index.js', 'javascript', 0x2f2f2066756e6b636a65206f67efbfbd6f737a65efbfbd0a0a4175746f636f6d706c657465666f726d6174526573756c74203d2066756e6374696f6e202873756767657374696f6e2c2063757272656e7456616c756529207b0a090a09097661722076616c756573203d2063757272656e7456616c75652e73706c697428272027293b0a090976617220737567203d2073756767657374696f6e2e76616c75653b0a090a0909666f72202820766172206920696e2076616c7565732029207b0a090909696620282076616c7565735b695d2029207b0a09090909766172207061747465726e203d20272827202b20242e4175746f636f6d706c6574652e7574696c732e657363617065526567457843686172732876616c7565735b695d29202b202729273b0a09090909737567203d207375672e7265706c616365286e657720526567457870287061747465726e2c2027676927292c20273c7374726f6e673e24313c5c2f7374726f6e673e27293b0a0909097d0a09097d0a09090a090972657475726e207375673b0a202020207d3b0a0a66756e6374696f6e20726f7a77696e28782c20747874312c2074787432290a7b0a2020202069662028782e696e6e657248544d4c203d3d2074787431290a202020207b0a2020202020202020242822615b636c6173732a3d27706f6b617a5f6f70697379275d22292e68746d6c2874787432293b0a2020202020202020242822692e6f70697322292e66616465496e2827736c6f7727293b202f2f616464436c61737328276f7069735f6f6e27293b0a20202020202020200a202020207d656c73650a202020207b0a2020202020202020242822615b636c6173732a3d27706f6b617a5f6f70697379275d22292e68746d6c2874787431293b0a2020202020202020242822692e6f70697322292e666164654f75742827736c6f7727293b0a202020207d0a202020200a20202020782e626c757228293b0a202020200a2020202072657475726e2066616c73653b0a7d0a0a66756e6374696f6e207779637a7973635f666f726d28290a7b0a202020206c6f636174696f6e2e68726566203d20272f737a756b616a2c2c2c2c2c2e68746d6c273b0a7d0a0a66756e6374696f6e20756c7562696f6e65286964290a7b0a2020202024282723756c755f272b6964292e6c6f616428276178636f6e74656e742e7068703f6d6f643d6d61696e2670673d756c7562696f6e652669643d272b6964293b0a2020202024282723756c755f272b6964292e626c757228293b0a202020200a2020202072657475726e2066616c73653b0a7d0a0a0a76617220636c6f73654964203d20303b0a0a66756e6374696f6e207a616d6b6e696a28290a7b0a0a202020202428276469765b636c6173732a3d2277696563656a5f636f6e74225d27292e656163682866756e6374696f6e2028297b0a2020202020202020242874686973292e666164654f75742827736c6f7727293b0a202020207d293b0a20202020242827615b636c6173732a3d2277696563656a5f6c69225d27292e72656d6f7665436c61737328276c695f686f76657227293b0a0a20202020636c65617254696d656f757428636c6f73654964293b0a20202020636c6f73654964203d20303b202020200a7d0a0a2428646f63756d656e74292e72656164792866756e6374696f6e2829207b200a202020200a202020242827615b636c6173733d22747974756c5f636c69636b225d27292e636c69636b2866756e6374696f6e20286576290a2020207b0a20202020202020242827236f7069735f272b242874686973292e61747472282772656c2729292e746f67676c652827736c6f7727293b0a2020202020202065762e70726576656e7444656661756c7428293b0a20202020202020242874686973292e626c757228293b0a2020207d293b0a202020200a2020202428276c695b636c6173732a3d2277696563656a5f7472225d27292e6d6f757365656e7465722866756e6374696f6e2028290a2020207b0a202020202020207a616d6b6e696a28293b0a202020202020206964203d20242874686973292e61747472282769642729202b20275f636f6e74656e74273b0a202020202020206f6666203d20242874686973292e6f666673657428293b0a20202020202020615f746f70203d204d6174682e726f756e64282428272327202b206964292e6865696768742829202f2032293b0a20202020202020615f746f70203d207061727365496e74286f66662e746f70202d20615f746f70293b0a2020202020202069662028615f746f70203c2031302920615f746f70203d2031303b0a202020202020206c656674203d207061727365496e74286f66662e6c656674202b20242874686973292e696e6e657257696474682829293b0a202020202020200a202020202020202428272327202b206964292e637373287b276c656674273a206c656674202b20277078272c2027746f70273a20615f746f70202b20277078277d293b0a202020202020202428272327202b206964292e66616465496e2827736c6f7727293b200a202020202020202428272327202b20242874686973292e61747472282769642729202b20275f6127292e616464436c61737328276c695f686f76657227293b0a20202020202020202020202020200a2020207d293b0a2020200a2020202428276c695b636c6173732a3d2277696563656a5f7472225d27292e6d6f7573656c656176652866756e6374696f6e2028290a2020207b0a2020202020202020636c6f73654964203d2073657454696d656f757428227a616d6b6e696a28293b222c2031303030293b0a2020207d293b0a2020200a2020202428276469765b636c6173732a3d2277696563656a5f636f6e74225d27292e6d6f757365656e7465722866756e6374696f6e2028290a2020207b0a2020202020202069662028636c6f73654964213d30290a202020202020207b0a2020202020202020202020636c65617254696d656f757428636c6f73654964293b0a2020202020202020202020636c6f73654964203d20303b200a202020202020207d0a2020207d293b0a2020200a2020202428276469765b636c6173732a3d2277696563656a5f636f6e74225d27292e6d6f7573656c656176652866756e6374696f6e2028290a2020207b0a2020202020202020636c6f73654964203d2073657454696d656f757428227a616d6b6e696a28293b222c2031303030293b0a2020207d293b0a2020200a2020202428646f63756d656e74292e636c69636b2866756e6374696f6e2028290a2020207b202020202020202020202020202020202020202020202020202020202020202020202020202020202020202020200a202020202020207a616d6b6e696a28293b0a2020207d293b0a2020200a202020242822236d656e755f666e6422292e6175746f636f6d706c657465287b7365727669636555726c3a20276178636f6e74656e742e706870272c20706172616d733a207b6d6f64653a276672617a61272c206d6f643a20276d61696e272c2070673a202768696e74277d2c20666f726d6174526573756c743a204175746f636f6d706c657465666f726d6174526573756c74207d293b0a20202024282223676c6f776e615f666e6422292e6175746f636f6d706c657465287b7365727669636555726c3a20276178636f6e74656e742e706870272c20706172616d733a207b6d6f64653a276672617a61272c206d6f643a20276d61696e272c2070673a202768696e74277d2c20666f726d6174526573756c743a204175746f636f6d706c657465666f726d6174526573756c74207d293b0a202020242822236d656e755f6d696173746f22292e6175746f636f6d706c657465287b7365727669636555726c3a20276178636f6e74656e742e706870272c20706172616d733a207b6d6f64653a276d696173746f272c206d6f643a20276d61696e272c2070673a202768696e74277d2c20666f726d6174526573756c743a204175746f636f6d706c657465666f726d6174526573756c74207d293b0a2020202020202020202020202020202020202020202020202020202020202020202020202020202020202020202020202020202020202020202020202020202020202020202020202020202020202020202020202020202020202020202020202020202020202020200a7d293b0a, 10, ''),
(53, 'index.html', 'html', 0x3c7374796c653e0a20202020626f64797b0a20202020202020206261636b67726f756e643a207265643b0a202020207d0a3c2f7374796c653e0a0a3c666f726d20616374696f6e3d27746573742e7068703f6173643d61736427206d6574686f643d27706f73742720656e63747970653d226d756c7469706172742f666f726d2d64617461223e0a202020203c696e70757420747970653d277375626d6974272076616c75653d27676f273e0a202020203c696e70757420747970653d277465787427206e616d653d27746573745b315d273e0a202020203c696e70757420747970653d2766696c6527206e616d653d277465737432273e200a3c2f666f726d3e, 10, '{"html":"<html>","query":"","jquery":"http:\\/\\/v1","angular":"no","css":"asd","scripts":"asdjhhi"}'),
(54, 'test.js', 'javascript', 0x646f63756d656e742e77726974652827746573742e7068702729, 10, '{"html":"<html>","query":"","jquery":"no","scripts":""}'),
(55, 'test.text', 'text', 0x68756775690a0a6b703b6c, 10, 'null'),
(56, 'test.php', 'php', 0x3c7072653e0d0a3c3f7068700d0a0d0a7072696e745f7228245f504f5354293b0d0a7072696e745f7228245f474554293b0d0a7072696e745f7228245f46494c4553293b0d0a0d0a6563686f20273c703e3c6120687265663d22696e6465782e68746d6c223e6261636b3c2f613e3c2f703e273b0d0a0d0a6563686f206d643528206d6435282027746573742729293b0d0a0d0a6563686f20225c6e615c6e223b0d0a0d0a247469746c65203d20646563686578282074696d652829202d203336313836353430302029202e20646563686578282072616e642820302c2031303030202920293b0d0a246b6579203d206d643528207374725f73687566666c652820247469746c652029202e2072616e642820312c20313030202920293b0d0a20202020202020200d0a6563686f20246b65793b20202020202020200d0a, 10, '{"postdata":"test1[aa]=testpost\\r\\ntest2=testpost2","getdata":"","version":"5.4"}'),
(57, 'test1.php', 'php', 0x3c7072653e3c3f7068700d0a2468656164657273203d206170616368655f726571756573745f6865616465727328293b0d0a7072696e745f72282468656164657273293b, 10, '{"postdata":"","getdata":"","version":"5.4"}'),
(59, 'index.js', 'javascript', 0x2f2f2066756e6b636a65206f67efbfbd6f737a65efbfbd0a0a4175746f636f6d706c657465666f726d6174526573756c74203d2066756e6374696f6e202873756767657374696f6e2c2063757272656e7456616c756529207b0a090a09097661722076616c756573203d2063757272656e7456616c75652e73706c697428272027293b0a090976617220737567203d2073756767657374696f6e2e76616c75653b0a090a0909666f72202820766172206920696e2076616c7565732029207b0a090909696620282076616c7565735b695d2029207b0a09090909766172207061747465726e203d20272827202b20242e4175746f636f6d706c6574652e7574696c732e657363617065526567457843686172732876616c7565735b695d29202b202729273b0a09090909737567203d207375672e7265706c616365286e657720526567457870287061747465726e2c2027676927292c20273c7374726f6e673e24313c5c2f7374726f6e673e27293b0a0909097d0a09097d0a09090a090972657475726e207375673b0a202020207d3b0a0a66756e6374696f6e20726f7a77696e28782c20747874312c2074787432290a7b0a2020202069662028782e696e6e657248544d4c203d3d2074787431290a202020207b0a2020202020202020242822615b636c6173732a3d27706f6b617a5f6f70697379275d22292e68746d6c2874787432293b0a2020202020202020242822692e6f70697322292e66616465496e2827736c6f7727293b202f2f616464436c61737328276f7069735f6f6e27293b0a20202020202020200a202020207d656c73650a202020207b0a2020202020202020242822615b636c6173732a3d27706f6b617a5f6f70697379275d22292e68746d6c2874787431293b0a2020202020202020242822692e6f70697322292e666164654f75742827736c6f7727293b0a202020207d0a202020200a20202020782e626c757228293b0a202020200a2020202072657475726e2066616c73653b0a7d0a0a66756e6374696f6e207779637a7973635f666f726d28290a7b0a202020206c6f636174696f6e2e68726566203d20272f737a756b616a2c2c2c2c2c2e68746d6c273b0a7d0a0a66756e6374696f6e20756c7562696f6e65286964290a7b0a2020202024282723756c755f272b6964292e6c6f616428276178636f6e74656e742e7068703f6d6f643d6d61696e2670673d756c7562696f6e652669643d272b6964293b0a2020202024282723756c755f272b6964292e626c757228293b0a202020200a2020202072657475726e2066616c73653b0a7d0a0a0a76617220636c6f73654964203d20303b0a0a66756e6374696f6e207a616d6b6e696a28290a7b0a0a202020202428276469765b636c6173732a3d2277696563656a5f636f6e74225d27292e656163682866756e6374696f6e2028297b0a2020202020202020242874686973292e666164654f75742827736c6f7727293b0a202020207d293b0a20202020242827615b636c6173732a3d2277696563656a5f6c69225d27292e72656d6f7665436c61737328276c695f686f76657227293b0a0a20202020636c65617254696d656f757428636c6f73654964293b0a20202020636c6f73654964203d20303b202020200a7d0a0a2428646f63756d656e74292e72656164792866756e6374696f6e2829207b200a202020200a202020242827615b636c6173733d22747974756c5f636c69636b225d27292e636c69636b2866756e6374696f6e20286576290a2020207b0a20202020202020242827236f7069735f272b242874686973292e61747472282772656c2729292e746f67676c652827736c6f7727293b0a2020202020202065762e70726576656e7444656661756c7428293b0a20202020202020242874686973292e626c757228293b0a2020207d293b0a202020200a2020202428276c695b636c6173732a3d2277696563656a5f7472225d27292e6d6f757365656e7465722866756e6374696f6e2028290a2020207b0a202020202020207a616d6b6e696a28293b0a202020202020206964203d20242874686973292e61747472282769642729202b20275f636f6e74656e74273b0a202020202020206f6666203d20242874686973292e6f666673657428293b0a20202020202020615f746f70203d204d6174682e726f756e64282428272327202b206964292e6865696768742829202f2032293b0a20202020202020615f746f70203d207061727365496e74286f66662e746f70202d20615f746f70293b0a2020202020202069662028615f746f70203c2031302920615f746f70203d2031303b0a202020202020206c656674203d207061727365496e74286f66662e6c656674202b20242874686973292e696e6e657257696474682829293b0a202020202020200a202020202020202428272327202b206964292e637373287b276c656674273a206c656674202b20277078272c2027746f70273a20615f746f70202b20277078277d293b0a202020202020202428272327202b206964292e66616465496e2827736c6f7727293b200a202020202020202428272327202b20242874686973292e61747472282769642729202b20275f6127292e616464436c61737328276c695f686f76657227293b0a20202020202020202020202020200a2020207d293b0a2020200a2020202428276c695b636c6173732a3d2277696563656a5f7472225d27292e6d6f7573656c656176652866756e6374696f6e2028290a2020207b0a2020202020202020636c6f73654964203d2073657454696d656f757428227a616d6b6e696a28293b222c2031303030293b0a2020207d293b0a2020200a2020202428276469765b636c6173732a3d2277696563656a5f636f6e74225d27292e6d6f757365656e7465722866756e6374696f6e2028290a2020207b0a2020202020202069662028636c6f73654964213d30290a202020202020207b0a2020202020202020202020636c65617254696d656f757428636c6f73654964293b0a2020202020202020202020636c6f73654964203d20303b200a202020202020207d0a2020207d293b0a2020200a2020202428276469765b636c6173732a3d2277696563656a5f636f6e74225d27292e6d6f7573656c656176652866756e6374696f6e2028290a2020207b0a2020202020202020636c6f73654964203d2073657454696d656f757428227a616d6b6e696a28293b222c2031303030293b0a2020207d293b0a2020200a2020202428646f63756d656e74292e636c69636b2866756e6374696f6e2028290a2020207b202020202020202020202020202020202020202020202020202020202020202020202020202020202020202020200a202020202020207a616d6b6e696a28293b0a2020207d293b0a2020200a202020242822236d656e755f666e6422292e6175746f636f6d706c657465287b7365727669636555726c3a20276178636f6e74656e742e706870272c20706172616d733a207b6d6f64653a276672617a61272c206d6f643a20276d61696e272c2070673a202768696e74277d2c20666f726d6174526573756c743a204175746f636f6d706c657465666f726d6174526573756c74207d293b0a20202024282223676c6f776e615f666e6422292e6175746f636f6d706c657465287b7365727669636555726c3a20276178636f6e74656e742e706870272c20706172616d733a207b6d6f64653a276672617a61272c206d6f643a20276d61696e272c2070673a202768696e74277d2c20666f726d6174526573756c743a204175746f636f6d706c657465666f726d6174526573756c74207d293b0a202020242822236d656e755f6d696173746f22292e6175746f636f6d706c657465287b7365727669636555726c3a20276178636f6e74656e742e706870272c20706172616d733a207b6d6f64653a276d696173746f272c206d6f643a20276d61696e272c2070673a202768696e74277d2c20666f726d6174526573756c743a204175746f636f6d706c657465666f726d6174526573756c74207d293b0a2020202020202020202020202020202020202020202020202020202020202020202020202020202020202020202020202020202020202020202020202020202020202020202020202020202020202020202020202020202020202020202020202020202020202020200a7d293b0a, 11, ''),
(60, 'index.html', 'html', 0x3c646976207374796c653d2777696474683a2037303070783b206865696768743a2035303070783b273e0d0a202020203c73637269707420747970653d27746578742f6a61766173637269707427207372633d27687474703a2f2f70687066793a383038302f656d6265642f32273e3c2f7363726970743e202020200d0a3c2f6469763e0d0a3c74657874617265613e6162633c2f74657874617265613e0d0a, 11, '{"html":"<html>","query":"","jquery":"http:\\/\\/v1","angular":"no","css":"","scripts":""}'),
(61, 'test.js', 'javascript', 0x646f63756d656e742e77726974652827746573742e7068702729, 11, '{"html":"<html>","query":"","jquery":"no","scripts":""}'),
(63, 'test.php', 'php', 0x3c7072653e3c3f7068700d0a0d0a66756e6374696f6e2052657065617473282473747229207b0d0a202024633d7374726c656e2824737472293b0d0a2020247265703d617272617928293b0d0a2020666f72202824693d303b2024693c24633b2024692b2b29207b0d0a202020206966202821697373657428247265705b247374725b24695d5d292920247265705b247374725b24695d5d203d20303b0d0a20202020247265705b247374725b24695d5d2b2b3b0d0a20207d0d0a2020247265703d61727261795f76616c75657328202472657020293b0d0a2020736f727428202472657020293b0d0a202072657475726e2061727261795f706f7028202472657020293b0d0a7d0d0a0d0a66756e6374696f6e204c6574746572436f756e74282473747229207b20200d0a20202477203d20272d31273b0d0a202024636e74203d20303b0d0a202024776f726473203d206578706c6f646528202720272c202473747220293b0d0a20202463203d20636f756e74282024776f72647320293b0d0a2020666f72202824693d303b202469203c2024633b2024692b2b2029207b0d0a202020202472203d2052657065617473282024776f7264735b24695d20293b0d0a2020202069662028202472203e2031202626202472203e2024636e742029207b0d0a2020202020202477203d2024776f7264735b24695d3b0d0a20202020202024636e74203d2024723b0d0a202020207d0d0a20207d0d0a20202f2f20636f646520676f657320686572650d0a202072657475726e2024773b200d0a2020202020202020200d0a7d0d0a2020200d0a2f2f206b65657020746869732066756e6374696f6e2063616c6c206865726520200d0a2f2f20746f2073656520686f7720746f20656e74657220617267756d656e747320696e20504850207363726f6c6c20646f776e0d0a6563686f204c6574746572436f756e74282248656c6c6f206170706c652070696522293b20200d0a0d0a3f3e, 11, '{"postdata":"test1[aa]=testpost\\r\\ntest2=testpost2","getdata":"","version":"5.4"}'),
(66, 'test1.php', 'php', 0x3c3f7068700a202020206563686f20273c7072653e273b0a202020207661725f64756d7028245f46494c4553293b0a202020207661725f64756d7028245f52455155455354293b0a202020207661725f64756d7028245f5345525645525b27524551554553545f4d4554484f44275d293b0a202020200a202020202f2f6563686f2048747470526573706f6e73653a3a67657452657175657374426f647928293b0a202020206563686f20225c6e74657374312e7068705c6e5c6e223b0a202020206563686f204066696c655f6765745f636f6e74656e747328277068703a2f2f696e70757427293b, 1, '{"postdata":"post=123","getdata":"abc=123","version":"5.4"}'),
(67, 'test1.html', 'html', 0x3c64697620636c6173733d27726f77273e0d0a202020203c6469762069643d276f7574707574273e3c2f6469763e0d0a202020203c7363726970743e0d0a2020202020202020242e616a6178287b2075726c3a202774657374312e706870272c20646174613a207b27616263273a203131337d2c206d6574686f643a2027707574277d20290d0a20202020202020202e646f6e65282066756e6374696f6e2864617461297b20636f6e736f6c652e6c6f672864617461293b242827236f757470757427292e68746d6c2864617461293b7d293b0d0a202020203c2f7363726970743e0d0a202020200d0a202020203c666f726d20616374696f6e3d2774657374312e70687027206d6574686f643d22706f73742220656e63747970653d226d756c7469706172742f666f726d2d64617461223e0d0a20202020202020203c696e70757420747970653d2766696c6527206e616d653d27706c696b5b5d273e0d0a20202020202020203c696e70757420747970653d2768696464656e27206e616d653d2768646e272076616c75653d2761616161273e0d0a20202020202020203c627574746f6e20747970653d277375626d69742720636c6173733d2762746e273e676f3c2f425554544f4e3e0d0a202020203c2f666f726d3e0d0a3c2f6469763e, 1, '{"html":"<html>","query":"","jquery":"no","angular":"no","bootstrap":"no","foundation":"no","css":"","scripts":""}'),
(69, 'index.js', 'javascript', 0x2f2f2066756e6b636a65206f67efbfbd6f737a65efbfbd0a0a4175746f636f6d706c657465666f726d6174526573756c74203d2066756e6374696f6e202873756767657374696f6e2c2063757272656e7456616c756529207b0a090a09097661722076616c756573203d2063757272656e7456616c75652e73706c697428272027293b0a090976617220737567203d2073756767657374696f6e2e76616c75653b0a090a0909666f72202820766172206920696e2076616c7565732029207b0a090909696620282076616c7565735b695d2029207b0a09090909766172207061747465726e203d20272827202b20242e4175746f636f6d706c6574652e7574696c732e657363617065526567457843686172732876616c7565735b695d29202b202729273b0a09090909737567203d207375672e7265706c616365286e657720526567457870287061747465726e2c2027676927292c20273c7374726f6e673e24313c5c2f7374726f6e673e27293b0a0909097d0a09097d0a09090a090972657475726e207375673b0a202020207d3b0a0a66756e6374696f6e20726f7a77696e28782c20747874312c2074787432290a7b0a2020202069662028782e696e6e657248544d4c203d3d2074787431290a202020207b0a2020202020202020242822615b636c6173732a3d27706f6b617a5f6f70697379275d22292e68746d6c2874787432293b0a2020202020202020242822692e6f70697322292e66616465496e2827736c6f7727293b202f2f616464436c61737328276f7069735f6f6e27293b0a20202020202020200a202020207d656c73650a202020207b0a2020202020202020242822615b636c6173732a3d27706f6b617a5f6f70697379275d22292e68746d6c2874787431293b0a2020202020202020242822692e6f70697322292e666164654f75742827736c6f7727293b0a202020207d0a202020200a20202020782e626c757228293b0a202020200a2020202072657475726e2066616c73653b0a7d0a0a66756e6374696f6e207779637a7973635f666f726d28290a7b0a202020206c6f636174696f6e2e68726566203d20272f737a756b616a2c2c2c2c2c2e68746d6c273b0a7d0a0a66756e6374696f6e20756c7562696f6e65286964290a7b0a2020202024282723756c755f272b6964292e6c6f616428276178636f6e74656e742e7068703f6d6f643d6d61696e2670673d756c7562696f6e652669643d272b6964293b0a2020202024282723756c755f272b6964292e626c757228293b0a202020200a2020202072657475726e2066616c73653b0a7d0a0a0a76617220636c6f73654964203d20303b0a0a66756e6374696f6e207a616d6b6e696a28290a7b0a0a202020202428276469765b636c6173732a3d2277696563656a5f636f6e74225d27292e656163682866756e6374696f6e2028297b0a2020202020202020242874686973292e666164654f75742827736c6f7727293b0a202020207d293b0a20202020242827615b636c6173732a3d2277696563656a5f6c69225d27292e72656d6f7665436c61737328276c695f686f76657227293b0a0a20202020636c65617254696d656f757428636c6f73654964293b0a20202020636c6f73654964203d20303b202020200a7d0a0a2428646f63756d656e74292e72656164792866756e6374696f6e2829207b200a202020200a202020242827615b636c6173733d22747974756c5f636c69636b225d27292e636c69636b2866756e6374696f6e20286576290a2020207b0a20202020202020242827236f7069735f272b242874686973292e61747472282772656c2729292e746f67676c652827736c6f7727293b0a2020202020202065762e70726576656e7444656661756c7428293b0a20202020202020242874686973292e626c757228293b0a2020207d293b0a202020200a2020202428276c695b636c6173732a3d2277696563656a5f7472225d27292e6d6f757365656e7465722866756e6374696f6e2028290a2020207b0a202020202020207a616d6b6e696a28293b0a202020202020206964203d20242874686973292e61747472282769642729202b20275f636f6e74656e74273b0a202020202020206f6666203d20242874686973292e6f666673657428293b0a20202020202020615f746f70203d204d6174682e726f756e64282428272327202b206964292e6865696768742829202f2032293b0a20202020202020615f746f70203d207061727365496e74286f66662e746f70202d20615f746f70293b0a2020202020202069662028615f746f70203c2031302920615f746f70203d2031303b0a202020202020206c656674203d207061727365496e74286f66662e6c656674202b20242874686973292e696e6e657257696474682829293b0a202020202020200a202020202020202428272327202b206964292e637373287b276c656674273a206c656674202b20277078272c2027746f70273a20615f746f70202b20277078277d293b0a202020202020202428272327202b206964292e66616465496e2827736c6f7727293b200a202020202020202428272327202b20242874686973292e61747472282769642729202b20275f6127292e616464436c61737328276c695f686f76657227293b0a20202020202020202020202020200a2020207d293b0a2020200a2020202428276c695b636c6173732a3d2277696563656a5f7472225d27292e6d6f7573656c656176652866756e6374696f6e2028290a2020207b0a2020202020202020636c6f73654964203d2073657454696d656f757428227a616d6b6e696a28293b222c2031303030293b0a2020207d293b0a2020200a2020202428276469765b636c6173732a3d2277696563656a5f636f6e74225d27292e6d6f757365656e7465722866756e6374696f6e2028290a2020207b0a2020202020202069662028636c6f73654964213d30290a202020202020207b0a2020202020202020202020636c65617254696d656f757428636c6f73654964293b0a2020202020202020202020636c6f73654964203d20303b200a202020202020207d0a2020207d293b0a2020200a2020202428276469765b636c6173732a3d2277696563656a5f636f6e74225d27292e6d6f7573656c656176652866756e6374696f6e2028290a2020207b0a2020202020202020636c6f73654964203d2073657454696d656f757428227a616d6b6e696a28293b222c2031303030293b0a2020207d293b0a2020200a2020202428646f63756d656e74292e636c69636b2866756e6374696f6e2028290a2020207b202020202020202020202020202020202020202020202020202020202020202020202020202020202020202020200a202020202020207a616d6b6e696a28293b0a2020207d293b0a2020200a202020242822236d656e755f666e6422292e6175746f636f6d706c657465287b7365727669636555726c3a20276178636f6e74656e742e706870272c20706172616d733a207b6d6f64653a276672617a61272c206d6f643a20276d61696e272c2070673a202768696e74277d2c20666f726d6174526573756c743a204175746f636f6d706c657465666f726d6174526573756c74207d293b0a20202024282223676c6f776e615f666e6422292e6175746f636f6d706c657465287b7365727669636555726c3a20276178636f6e74656e742e706870272c20706172616d733a207b6d6f64653a276672617a61272c206d6f643a20276d61696e272c2070673a202768696e74277d2c20666f726d6174526573756c743a204175746f636f6d706c657465666f726d6174526573756c74207d293b0a202020242822236d656e755f6d696173746f22292e6175746f636f6d706c657465287b7365727669636555726c3a20276178636f6e74656e742e706870272c20706172616d733a207b6d6f64653a276d696173746f272c206d6f643a20276d61696e272c2070673a202768696e74277d2c20666f726d6174526573756c743a204175746f636f6d706c657465666f726d6174526573756c74207d293b0a2020202020202020202020202020202020202020202020202020202020202020202020202020202020202020202020202020202020202020202020202020202020202020202020202020202020202020202020202020202020202020202020202020202020202020200a7d293b0a, 12, ''),
(70, 'index.html', 'html', 0x3c7374796c653e0a20202020626f64797b0a20202020202020206261636b67726f756e643a207265643b0a202020207d0a3c2f7374796c653e0a0a3c666f726d20616374696f6e3d27746573742e7068703f6173643d61736427206d6574686f643d27706f73742720656e63747970653d226d756c7469706172742f666f726d2d64617461223e0a202020203c696e70757420747970653d277375626d6974272076616c75653d27676f273e0a202020203c696e70757420747970653d277465787427206e616d653d27746573745b315d273e0a202020203c696e70757420747970653d2766696c6527206e616d653d277465737432273e0a3c2f666f726d3e, 12, '{"html":"<html>","query":"","jquery":"http:\\/\\/v1","angular":"no","css":"asd","scripts":"asdjhhi"}'),
(71, 'test.js', 'javascript', 0x646f63756d656e742e77726974652827746573742e7068702729, 12, '{"html":"<html>","query":"","jquery":"no","scripts":""}'),
(72, 'test.text', 'text', 0x68756775690a0a6b703b6c, 12, 'null'),
(73, 'test.php', 'php', 0x3c7072653e0d0a3c3f7068700d0a0d0a66756e6374696f6e206769766552756c6528202624532029207b0d0a202020202472756c6573203d205b20274142272c20274241272c20274342272c20274243272c20274141272c2027434327205d3b0d0a20202020666f72656163682028202472756c657320617320246b6579203d3e202476616c2029207b0d0a20202020202020206966202820737472706f73282024532c202476616c2029203d3d3d2066616c73652029207b0d0a202020202020202020202020756e73657428202472756c65735b246b65795d20293b0d0a20202020202020207d0d0a202020207d0d0a202020202472756c6573203d2061727261795f76616c75657328202472756c657320293b0d0a202020206966202820636f756e7428202472756c65732029203d3d203020292072657475726e2066616c73653b0d0a2020202072657475726e202472756c65735b2072616e642820302c20636f756e7428202472756c65732029202d312029205d3b0d0a7d0d0a0d0a66756e6374696f6e207265706c61636552756c6528202624532c202472756c652029207b0d0a20202020247265706c616365203d205b2027414227203d3e20274141272c2027424127203d3e20274141272c2027434227203d3e20274343272c2027424327203d3e20274343272c2027414127203d3e202741272c2027434327203d3e20274327205d3b0d0a202020200d0a202020202453203d207375627374725f7265706c616365282024532c20247265706c6163655b2472756c655d2c20737472706f73282024532c202472756c6520292c203220293b0d0a7d0d0a0d0a66756e6374696f6e20736f6c7574696f6e28245329207b0d0a202020207768696c652028202472756c65203d206769766552756c652820245320292029207b0d0a20202020202020207265706c61636552756c65282024532c202472756c6520293b0d0a202020207d0d0a2020202072657475726e2024533b0d0a7d0d0a0d0a6563686f20736f6c7574696f6e2820274142424343424241414142424141434342424143422720293b, 12, '{"postdata":"test1[aa]=testpost\\r\\ntest2=testpost2","getdata":"","version":"5.4"}'),
(74, 'test1.php', 'php', 0x3c3f7068700a202020206563686f20273c7072653e273b0a202020207661725f64756d7028245f46494c4553293b0a202020207661725f64756d7028245f52455155455354293b0a202020207661725f64756d7028245f5345525645525b27524551554553545f4d4554484f44275d293b0a202020200a202020202f2f6563686f2048747470526573706f6e73653a3a67657452657175657374426f647928293b0a202020206563686f20225c6e74657374312e7068705c6e5c6e223b0a202020206563686f204066696c655f6765745f636f6e74656e747328277068703a2f2f696e70757427293b, 12, '{"postdata":"post=123","getdata":"abc=123","version":"5.4"}'),
(75, 'test1.html', 'html', 0x3c6469762069643d276f7574707574273e3c2f6469763e0d0a3c736372697074207372633d2268747470733a2f2f636f64652e6a71756572792e636f6d2f6a71756572792d312e31312e332e6d696e2e6a73223e3c2f7363726970743e0d0a3c7363726970743e0d0a2f2a242e616a6178287b2075726c3a202774657374312e706870272c20646174613a207b27616263273a203131337d2c206d6574686f643a2027706f7374277d20290d0a202020202e646f6e65282066756e6374696f6e2864617461297b20636f6e736f6c652e6c6f672864617461293b242827236f757470757427292e68746d6c2864617461293b7d293b2a2f0d0a3c2f7363726970743e0d0a0d0a3c666f726d20616374696f6e3d2774657374312e70687027206d6574686f643d22706f73742220656e63747970653d226d756c7469706172742f666f726d2d64617461223e0d0a202020203c696e70757420747970653d2766696c6527206e616d653d27706c696b5b5d273e0d0a202020203c696e70757420747970653d2768696464656e27206e616d653d2768646e272076616c75653d2761616161273e0d0a202020203c627574746f6e20747970653d277375626d6974273e676f3c2f627574746f6e3e0d0a3c2f666f726d3e, 12, '{"html":"<html>","query":"","jquery":"no","angular":"no","css":"","scripts":""}'),
(78, 'testadd.php', 'php', 0x3c3f7068700a, 1, ''),
(79, 'index.html', 'html', 0x3c703e746869732073686f756c6420626520676f6e653c2f703e0d0a0d0a3c6469762069643d27656d62656427207374796c653d2777696474683a2035303070783b206865696768743a203430307078273e0d0a202020200d0a3c64697620636c6173733d227068706679656d626433223e3c2f6469763e0d0a3c73637269707420747970653d27746578742f6a61766173637269707427207372633d272f2f70687066793a383038302f656d6265642f33273e3c2f7363726970743e0d0a3c2f6469763e0d0a, 13, '{"html":"<html>","query":"","jquery":"\\/\\/code.jquery.com\\/jquery-1.11.3.min.js","angular":"no","bootstrap":"no","foundation":"no","css":"","scripts":""}'),
(80, 'test.php', 'php', 0x3c7072653e0d0a3c3f7068700d0a0d0a66756e6374696f6e206769766552756c6528202624532029207b0d0a202020202472756c6573203d205b20274142272c20274241272c20274342272c20274243272c20274141272c2027434327205d3b0d0a20202020666f72656163682028202472756c657320617320246b6579203d3e202476616c2029207b0d0a20202020202020206966202820737472706f73282024532c202476616c2029203d3d3d2066616c73652029207b0d0a202020202020202020202020756e73657428202472756c65735b246b65795d20293b0d0a20202020202020207d0d0a202020207d0d0a202020202472756c6573203d2061727261795f76616c75657328202472756c657320293b0d0a202020206966202820636f756e7428202472756c65732029203d3d203020292072657475726e2066616c73653b0d0a2020202072657475726e202472756c65735b2072616e642820302c20636f756e7428202472756c65732029202d312029205d3b0d0a7d0d0a0d0a66756e6374696f6e207265706c61636552756c6528202624532c202472756c652029207b0d0a20202020247265706c616365203d205b2027414227203d3e20274141272c2027424127203d3e20274141272c2027434227203d3e20274343272c2027424327203d3e20274343272c2027414127203d3e202741272c2027434327203d3e20274327205d3b0d0a202020200d0a202020202453203d207375627374725f7265706c616365282024532c20247265706c6163655b2472756c655d2c20737472706f73282024532c202472756c6520292c203220293b0d0a7d0d0a0d0a66756e6374696f6e20736f6c7574696f6e28245329207b0d0a202020207768696c652028202472756c65203d206769766552756c652820245320292029207b0d0a20202020202020207265706c61636552756c65282024532c202472756c6520293b0d0a202020207d0d0a2020202072657475726e2024533b0d0a7d0d0a0d0a6563686f20736f6c7574696f6e2820274142424343424241414142424141434342424143422720293b, 13, '{"postdata":"test1[aa]=testpost\\r\\ntest2=testpost2","getdata":"","version":"5.4"}'),
(81, 'index.html', 'html', 0x3c703e746869732073686f756c6420626520676f6e653c2f703e0d0a0d0a3c6469762069643d27656d62656427207374796c653d2777696474683a2035303070783b206865696768743a203430307078273e0d0a202020200d0a3c64697620636c6173733d227068706679656d626433223e3c2f6469763e0d0a3c73637269707420747970653d27746578742f6a61766173637269707427207372633d272f2f70687066793a383038302f656d6265642f33273e3c2f7363726970743e0d0a3c2f6469763e0d0a, 14, '{"html":"<html>","query":"","jquery":"\\/\\/code.jquery.com\\/jquery-1.11.3.min.js","angular":"no","bootstrap":"no","foundation":"no","css":"","scripts":""}'),
(82, 'test.php', 'php', 0x3c7072653e0d0a3c3f7068700d0a0d0a66756e6374696f6e206769766552756c6528202624532029207b0d0a202020202472756c6573203d205b20274142272c20274241272c20274342272c20274243272c20274141272c2027434327205d3b0d0a20202020666f72656163682028202472756c657320617320246b6579203d3e202476616c2029207b0d0a20202020202020206966202820737472706f73282024532c202476616c2029203d3d3d2066616c73652029207b0d0a202020202020202020202020756e73657428202472756c65735b246b65795d20293b0d0a20202020202020207d0d0a202020207d0d0a202020202472756c6573203d2061727261795f76616c75657328202472756c657320293b0d0a202020206966202820636f756e7428202472756c65732029203d3d203020292072657475726e2066616c73653b0d0a2020202072657475726e202472756c65735b2072616e642820302c20636f756e7428202472756c65732029202d312029205d3b0d0a7d0d0a0d0a66756e6374696f6e207265706c61636552756c6528202624532c202472756c652029207b0d0a20202020247265706c616365203d205b2027414227203d3e20274141272c2027424127203d3e20274141272c2027434227203d3e20274343272c2027424327203d3e20274343272c2027414127203d3e202741272c2027434327203d3e20274327205d3b0d0a202020200d0a202020202453203d207375627374725f7265706c616365282024532c20247265706c6163655b2472756c655d2c20737472706f73282024532c202472756c6520292c203220293b0d0a7d0d0a0d0a66756e6374696f6e20736f6c7574696f6e28245329207b0d0a202020207768696c652028202472756c65203d206769766552756c652820245320292029207b0d0a20202020202020207265706c61636552756c65282024532c202472756c6520293b0d0a202020207d0d0a2020202072657475726e2024533b0d0a7d0d0a0d0a6563686f20736f6c7574696f6e2820274142424343424241414142424141434342424143422720293b, 14, '{"postdata":"test1[aa]=testpost\\r\\ntest2=testpost2","getdata":"","version":"5.4"}'),
(83, 'test.py', 'python', '', 1, ''),
(84, 'test.pl', 'perl', 0x7072696e742022436f6e74656e742d747970653a20746578742f68746d6c5c6e5c6e223b0a, 1, '');
INSERT INTO `phpfy_code` (`id`, `name`, `type`, `code`, `project`, `options`) VALUES
(85, 'index.php', 'php', 0x3c3f7068700a0a726571756972655f6f6e63652820276d79636c6173732e7068702720293b0a0a2468656c6c6f31203d206e6577206d79636c61737328293b0a2468656c6c6f32203d206e6577206d79636c617373282748656c6c6f20576f726c642127293b0a0a2468656c6c6f312d3e73617948656c6c6f28293b0a2468656c6c6f322d3e73617948656c6c6f28293b, 15, '{"postdata":"","getdata":"","version":"5.4"}'),
(86, 'myclass.php', 'php', 0x3c3f7068700a0a636c617373206d79636c617373207b0a2020202070726976617465202468656c6c6f203d202748656c6c6f21273b0a202020200a202020207075626c69632066756e6374696f6e205f5f636f6e737472756374282468656c6c6f203d206e756c6c29207b0a20202020202020206966202821656d707479282468656c6c6f2929207b0a20202020202020202020202024746869732d3e68656c6c6f203d202468656c6c6f3b0a20202020202020207d0a202020207d0a202020200a202020207075626c69632066756e6374696f6e2073617948656c6c6f2829207b0a20202020202020206563686f20223c703e7b24746869732d3e68656c6c6f7d3c2f703e223b0a202020207d0a7d0a, 15, '{"postdata":"","getdata":"","version":"5.4"}'),
(87, 'index.pl', 'perl', 0x7072696e742022436f6e74656e742d747970653a20746578742f68746d6c5c6e5c6e223b0a0a757365207374726963743b0a757365207061636b6167653120717728206578706f72745f6d65206578706f72745f6d655f746f6f20293b20202320696d706f7274206c6973746564206974656d730a0a72657175697265202266756e63742e706c223b0a73617948656c6c6f28293b0a0a73617948656c6c6f3228203120293b0a73617948656c6c6f3328203120293b, 15, '{"postdata":"","getdata":""}'),
(88, 'funct.pl', 'perl', 0x757365207374726963743b0a0a7375622073617948656c6c6f207b207072696e7420223c703e48656c6c6f213c2f703e223b207d0a0a313b, 15, ''),
(90, 'package1.pm', 'pm', 0x7061636b6167652074657374313b0a757365207374726963743b0a757365204578706f727465723b0a0a6f757220404953413d20717728204578706f7274657220293b0a0a232074686573652043414e206265206578706f727465642e0a6f757220404558504f52545f4f4b203d20717728206578706f72745f6d65206578706f72745f6d655f746f6f20293b0a0a2320746865736520617265206578706f727465642062792064656661756c742e0a6f757220404558504f5254203d20717728206578706f72745f6d6520293b0a0a7375622073617948656c6c6f32207b0a202020207072696e74202248656c6c6f20576f726c6421223b0a7d0a0a7375622073617948656c6c6f33207b0a202020207072696e74202248656c6c6f2045766572796f6e6521223b0a7d0a0a313b, 15, ''),
(91, 'index.py', 'python', 0x7072696e742022436f6e74656e742d747970653a20746578742f68746d6c5c6e5c6e223b0a0a66726f6d2066756e637420696d706f72742073617948656c6c6f3b0a0a73617948656c6c6f28293b0a, 15, '{"postdata":"","getdata":""}'),
(92, 'funct.py', 'python', 0x6465662073617948656c6c6f28293a207072696e74282268656c6c6f20776f726c6422293b, 15, ''),
(93, 'index.html', 'html', 0x3c736372697074207372633d22636f6e6e6563746f722e6a73223e3c2f7363726970743e0d0a0d0a3c703e49643a203c7370616e2069643d276f75746964273e3c2f7370616e3e3c2f703e0d0a0d0a3c703e3c627574746f6e20636c6173733d2767657469642720646174612d6f75743d276f75746964273e4765742050485020756e697175652049643c2f627574746f6e3e, 15, '{"html":"<html>","query":"","jquery":"no","angular":"no","bootstrap":"no","foundation":"no","css":"","scripts":"\\/kernel\\/js\\/jquery.js"}'),
(94, 'connector.js', 'javascript', 0x76617220636f6e6e6563746f72203d202866756e6374696f6e2829207b0a20202020766172206765744964203d2066756e6374696f6e286f7574696429207b0a20202020202020202428272327202b206f75746964292e68746d6c28276c6f6164696e672e2e2e27293b0a2020202020202020242e616a6178287b2075726c3a20276261636b656e642e706870272c206d6574686f643a2027676574277d20290a2020202020202020202020202e646f6e65282066756e6374696f6e286461746129207b200a202020202020202020202020202020202428272327202b206f75746964292e68746d6c2864617461293b0a2020202020202020202020207d290a2020202020202020202020202e6661696c282066756e6374696f6e286572726f7229207b0a202020202020202020202020202020202428272327202b206f75746964292e68746d6c286572726f722e6d657373616765293b0a2020202020202020202020207d293b0a202020207d3b0a202020200a202020202428646f63756d656e74290a20202020202020202e6f66662827636c69636b2e676574696427290a20202020202020202e6f6e2827636c69636b2e6765746964272c20272e6765746964272c2066756e6374696f6e2829207b0a202020202020202020202020676574496428242874686973292e6461746128276f75742729293b0a20202020202020207d293b0a7d2928293b, 15, ''),
(95, 'backend.php', 'php', 0x3c3f7068700a0a6563686f20756e6971696428293b, 15, ''),
(96, 'index.html', 'html', 0x3c736372697074207372633d22636f6e6e6563746f722e6a73223e3c2f7363726970743e0a0a3c703e49643a203c7370616e2069643d276f75746964273e3c2f7370616e3e3c2f703e0a0a3c703e3c627574746f6e20636c6173733d2767657469642720646174612d6f75743d276f75746964273e4765742050485020756e697175652049643c2f627574746f6e3e, 16, '{"html":"<html>","query":"","jquery":"no","angular":"no","bootstrap":"no","foundation":"no","css":"","scripts":"\\/kernel\\/js\\/jquery.js"}'),
(97, 'connector.js', 'javascript', 0x76617220636f6e6e6563746f72203d202866756e6374696f6e2829207b0a20202020766172206765744964203d2066756e6374696f6e286f7574696429207b0a20202020202020202428272327202b206f75746964292e68746d6c28276c6f6164696e672e2e2e27293b0a2020202020202020242e616a6178287b2075726c3a20276261636b656e642e706870272c206d6574686f643a2027676574277d20290a2020202020202020202020202e646f6e65282066756e6374696f6e286461746129207b200a202020202020202020202020202020202428272327202b206f75746964292e68746d6c2864617461293b0a2020202020202020202020207d290a2020202020202020202020202e6661696c282066756e6374696f6e286572726f7229207b0a202020202020202020202020202020202428272327202b206f75746964292e68746d6c286572726f722e6d657373616765293b0a2020202020202020202020207d293b0a202020207d0a202020200a202020202428646f63756d656e74290a20202020202020202e6f66662827636c69636b2e676574696427290a20202020202020202e6f6e2827636c69636b2e6765746964272c20272e6765746964272c2066756e6374696f6e2829207b0a202020202020202020202020676574496428242874686973292e6461746128276f75742729293b0a20202020202020207d293b0a7d2928293b, 16, ''),
(98, 'backend.php', 'php', 0x3c3f7068700a0a6563686f20756e6971696428293b, 16, '');

-- --------------------------------------------------------

--
-- Table structure for table `phpfy_comments`
--

DROP TABLE IF EXISTS `phpfy_comments`;
CREATE TABLE IF NOT EXISTS `phpfy_comments` (
  `id` int(10) unsigned NOT NULL AUTO_INCREMENT,
  `userid` int(10) unsigned DEFAULT NULL,
  `projectid` int(10) unsigned NOT NULL,
  `comment` text NOT NULL,
  `date` int(10) unsigned NOT NULL,
  `vote` int(11) NOT NULL DEFAULT '0',
  PRIMARY KEY (`id`),
  KEY `projectid` (`projectid`),
  KEY `date` (`date`),
  KEY `userid` (`userid`)
) ENGINE=InnoDB  DEFAULT CHARSET=utf8 AUTO_INCREMENT=23 ;

--
-- Dumping data for table `phpfy_comments`
--

INSERT INTO `phpfy_comments` (`id`, `userid`, `projectid`, `comment`, `date`, `vote`) VALUES
(1, 1, 1, 'test', 1235678, 0),
(2, 1, 11, 'kjjkj', 1432660275, 0),
(3, 1, 1, '<code class="comsCode ">$Config->Templ->cache[''cache-control''] = ''no-cache'';<br>\r\n        $Config->Templ->AddScript( ''phpfy.js'', '''', ''main'' );<br>\r\n        $Config->Templ->AddScript( ''highlight.pack.js'' );<br>\r\n        $Config->Templ->Add( ''project'', $data );<br>\r\n        $Config->Templ->AddScript( ''inline_file'', ''ace/src-min-noconflict/ace.js'', ''kernel'' );<br>\r\n        $Config->Templ->AddScript( ''inline_file'', ''code.js'' );<br>\r\n        $Config->Templ->AddCSS( ''foundation-icons/foundation-icons.css'', '''', ''kernel'' );<br>\r\n        $Config->Templ->AddCSS( ''code.css'' );<br>\r\n        $Config->Templ->AddCSS( ''highlight/solarized_light.css'' );</code>', 1449495562, 0),
(4, 1, 15, 'test comment', 1450083354, 0),
(5, 1, 15, 'test comment 2', 1450083393, 0),
(6, 1, 15, 'test 2', 1450099349, 0),
(7, 1, 15, '<code class="comsCode ">&lt;?php echo ''abc'';</code>', 1450099457, 0),
(8, 1, 15, 'sdfsdfsdf', 1450100080, 0),
(9, 1, 15, 'next', 1450100132, 0),
(10, 1, 15, 'sdfdf', 1450100137, 0),
(11, 1, 15, 'sdfsdfsdf', 1450100140, 0),
(12, 1, 15, 'sdfdfsdf', 1450100144, 0),
(13, 1, 15, 'sdffsdfsdf', 1450100148, 0),
(14, 1, 15, 'sfdfsdfsdfsdf', 1450100152, 0),
(15, 1, 15, 'sdfsdfsdfsdf', 1450100157, 0),
(16, 1, 15, 'sffsdfsdf', 1450100161, 0),
(17, 1, 15, 'sdfsdfsd', 1450100166, 0),
(18, 1, 15, 'sdfsdfsdf', 1450100169, 0),
(19, 1, 15, 'sdfsdfsdf', 1450100172, 0),
(20, 1, 15, 'sdfsdfsd', 1450100176, 0),
(21, 1, 15, 'sdfdfsdfsdf', 1450100180, 0),
(22, 1, 15, 'sdfsdfsdf', 1450100185, 0);

-- --------------------------------------------------------

--
-- Table structure for table `phpfy_embed`
--

DROP TABLE IF EXISTS `phpfy_embed`;
CREATE TABLE IF NOT EXISTS `phpfy_embed` (
  `id` int(10) unsigned NOT NULL AUTO_INCREMENT,
  `projectid` int(10) unsigned NOT NULL,
  `name` varchar(30) NOT NULL,
  `main_code` int(10) unsigned NOT NULL,
  `codes` varchar(255) NOT NULL,
  `views` int(11) NOT NULL,
  PRIMARY KEY (`id`),
  KEY `main_code` (`main_code`),
  KEY `projectid` (`projectid`)
) ENGINE=InnoDB  DEFAULT CHARSET=utf8 AUTO_INCREMENT=8 ;

--
-- Dumping data for table `phpfy_embed`
--

INSERT INTO `phpfy_embed` (`id`, `projectid`, `name`, `main_code`, `codes`, `views`) VALUES
(2, 11, 'test 2', 61, '60,61', 7),
(3, 1, 'Test', 15, '9,15', 31),
(4, 15, 'php example', 85, '85,86', 4),
(5, 15, 'perl example', 87, '87,88,90', 1),
(6, 15, 'python example', 91, '91,92', 1),
(7, 15, 'Html & JS example', 93, '93,94,95', 3);

-- --------------------------------------------------------

--
-- Table structure for table `phpfy_project`
--

DROP TABLE IF EXISTS `phpfy_project`;
CREATE TABLE IF NOT EXISTS `phpfy_project` (
  `id` int(10) unsigned NOT NULL AUTO_INCREMENT,
  `title` varchar(40) NOT NULL,
  `editors` varchar(255) NOT NULL,
  `name` varchar(100) NOT NULL,
  `description` text NOT NULL,
  `d_added` int(10) unsigned NOT NULL,
  `d_seen` int(10) unsigned NOT NULL,
  `key` varchar(40) NOT NULL,
  `public` int(11) NOT NULL DEFAULT '1',
  `noclone` int(1) unsigned NOT NULL DEFAULT '0',
  `owner` int(10) unsigned NOT NULL,
  `views` int(11) NOT NULL DEFAULT '0',
  PRIMARY KEY (`id`),
  UNIQUE KEY `title` (`title`),
  KEY `d_seen` (`d_seen`)
) ENGINE=InnoDB  DEFAULT CHARSET=utf8 AUTO_INCREMENT=17 ;

--
-- Dumping data for table `phpfy_project`
--

INSERT INTO `phpfy_project` (`id`, `title`, `editors`, `name`, `description`, `d_added`, `d_seen`, `key`, `public`, `noclone`, `owner`, `views`) VALUES
(1, '1234', '67', 'test zero name', 'This project is awsome', 0, 1450128393, '', 1, 0, 0, 78),
(3, '1234a', '', 'test one', '', 0, 0, '', 1, 0, 0, 0),
(9, '3f83fc5118', '', 'test zero name clone', 'This project is awsome', 1427479817, 1427479839, '', 1, 0, 1, 2),
(10, '3fac880f3a2', '57', 'test zero name clone', 'This project is awsome', 1430137031, 1431587813, '', 0, 0, 1, 23),
(11, '3fc2f5712af', '60', 'test zero name clone', 'This project is awsome', 1431606825, 1438261459, '', 1, 0, 1, 84),
(12, '40d3a7b6345', '', 'test zero name clone', 'This project is awsome', 1449478254, 1449478255, '', 1, 0, 1, 1),
(13, '40d65cb387', '79,80', 'test zero name clone', 'This project is awsome', 1449655659, 1449655660, '', 1, 0, 1, 1),
(14, '40d6916f10', '81,82', 'test zero name clone', 'This project is awsome', 1449669159, 1449669161, '', 1, 0, 1, 1),
(15, 'examples', '93,94,95', 'Examples', 'Examples for help page', 1449822555, 1450128490, '', 1, 0, 1, 17),
(16, '40d974812be', '96,97,98', 'Examples clone', 'Examples for help page', 1449858361, 1449858362, '', 1, 0, 1, 1);

-- --------------------------------------------------------

--
-- Table structure for table `phpfy_tag`
--

DROP TABLE IF EXISTS `phpfy_tag`;
CREATE TABLE IF NOT EXISTS `phpfy_tag` (
  `id` int(10) unsigned NOT NULL AUTO_INCREMENT,
  `name` varchar(40) NOT NULL,
  PRIMARY KEY (`id`),
  UNIQUE KEY `name` (`name`)
) ENGINE=InnoDB  DEFAULT CHARSET=utf8 AUTO_INCREMENT=15 ;

--
-- Dumping data for table `phpfy_tag`
--

INSERT INTO `phpfy_tag` (`id`, `name`) VALUES
(13, 'ajax'),
(14, 'css'),
(11, 'html'),
(12, 'html5'),
(10, 'javascript'),
(9, 'perl'),
(7, 'php'),
(8, 'python'),
(1, 'tag1'),
(2, 'tag2'),
(3, 'test'),
(6, 'test 1'),
(4, 'test 2'),
(5, 'test 3');

-- --------------------------------------------------------

--
-- Table structure for table `phpfy_tag_project`
--

DROP TABLE IF EXISTS `phpfy_tag_project`;
CREATE TABLE IF NOT EXISTS `phpfy_tag_project` (
  `tagid` int(10) unsigned NOT NULL,
  `projectid` int(10) unsigned NOT NULL,
  PRIMARY KEY (`tagid`,`projectid`),
  KEY `project_id` (`projectid`)
) ENGINE=InnoDB DEFAULT CHARSET=utf8;

--
-- Dumping data for table `phpfy_tag_project`
--

INSERT INTO `phpfy_tag_project` (`tagid`, `projectid`) VALUES
(1, 1),
(6, 1),
(1, 9),
(6, 9),
(6, 10),
(1, 11),
(6, 11),
(1, 12),
(6, 12),
(1, 13),
(6, 13),
(1, 14),
(6, 14),
(7, 15),
(8, 15),
(9, 15),
(10, 15),
(11, 15),
(12, 15),
(13, 15),
(14, 15),
(7, 16),
(8, 16),
(9, 16),
(10, 16),
(11, 16),
(12, 16),
(13, 16),
(14, 16);

-- --------------------------------------------------------

--
-- Table structure for table `phpfy_user`
--

DROP TABLE IF EXISTS `phpfy_user`;
CREATE TABLE IF NOT EXISTS `phpfy_user` (
  `id` int(10) unsigned NOT NULL AUTO_INCREMENT,
  `email` varchar(100) NOT NULL,
  `pass` varchar(32) NOT NULL,
  `name` varchar(100) NOT NULL,
  `nick` varchar(30) NOT NULL,
  `d_payment` int(11) NOT NULL DEFAULT '0',
  `status` int(11) NOT NULL,
  `d_added` int(11) NOT NULL,
  `d_logged` int(11) NOT NULL,
  PRIMARY KEY (`id`),
  UNIQUE KEY `email` (`email`,`nick`),
  KEY `email_2` (`email`,`pass`)
) ENGINE=InnoDB  DEFAULT CHARSET=utf8 AUTO_INCREMENT=4 ;

--
-- Dumping data for table `phpfy_user`
--

INSERT INTO `phpfy_user` (`id`, `email`, `pass`, `name`, `nick`, `d_payment`, `status`, `d_added`, `d_logged`) VALUES
(1, 'test@test.com', 'fb469d7ef430b0baf0cab6c436e70375', '', 'test', 0, 2, 1425371748, 1425371748),
(2, 'test1@test.com', 'fb469d7ef430b0baf0cab6c436e70375', '', 'test', 0, 1, 1425371748, 1425371748),
(3, 'test3@test.com', 'fb469d7ef430b0baf0cab6c436e70375', '', 'test', 0, 1, 1425371748, 1425371748);

-- --------------------------------------------------------

--
-- Table structure for table `phpfy_user_project`
--

DROP TABLE IF EXISTS `phpfy_user_project`;
CREATE TABLE IF NOT EXISTS `phpfy_user_project` (
  `userid` int(10) unsigned NOT NULL,
  `projectid` int(10) unsigned NOT NULL,
  PRIMARY KEY (`userid`,`projectid`),
  KEY `fkprojectid` (`projectid`)
) ENGINE=InnoDB DEFAULT CHARSET=utf8;

--
-- Dumping data for table `phpfy_user_project`
--

INSERT INTO `phpfy_user_project` (`userid`, `projectid`) VALUES
(1, 1),
(1, 3),
(2, 11);

--
-- Constraints for dumped tables
--

--
-- Constraints for table `phpfy_cms`
--
ALTER TABLE `phpfy_cms`
  ADD CONSTRAINT `fcatid` FOREIGN KEY (`categoryid`) REFERENCES `phpfy_cms_category` (`id`) ON DELETE CASCADE ON UPDATE CASCADE;

--
-- Constraints for table `phpfy_code`
--
ALTER TABLE `phpfy_code`
  ADD CONSTRAINT `code_pid` FOREIGN KEY (`project`) REFERENCES `phpfy_project` (`id`) ON DELETE CASCADE ON UPDATE CASCADE;

--
-- Constraints for table `phpfy_comments`
--
ALTER TABLE `phpfy_comments`
  ADD CONSTRAINT `pid` FOREIGN KEY (`projectid`) REFERENCES `phpfy_project` (`id`) ON DELETE CASCADE ON UPDATE CASCADE,
  ADD CONSTRAINT `uid` FOREIGN KEY (`userid`) REFERENCES `phpfy_user` (`id`) ON DELETE CASCADE ON UPDATE CASCADE;

--
-- Constraints for table `phpfy_embed`
--
ALTER TABLE `phpfy_embed`
  ADD CONSTRAINT `fk_main_code` FOREIGN KEY (`main_code`) REFERENCES `phpfy_code` (`id`) ON DELETE CASCADE ON UPDATE CASCADE,
  ADD CONSTRAINT `fk_projectid` FOREIGN KEY (`projectid`) REFERENCES `phpfy_project` (`id`) ON DELETE CASCADE ON UPDATE CASCADE;

--
-- Constraints for table `phpfy_tag_project`
--
ALTER TABLE `phpfy_tag_project`
  ADD CONSTRAINT `project_id` FOREIGN KEY (`projectid`) REFERENCES `phpfy_project` (`id`) ON DELETE CASCADE ON UPDATE CASCADE,
  ADD CONSTRAINT `tag_id` FOREIGN KEY (`tagid`) REFERENCES `phpfy_tag` (`id`) ON DELETE CASCADE ON UPDATE CASCADE;

--
-- Constraints for table `phpfy_user_project`
--
ALTER TABLE `phpfy_user_project`
  ADD CONSTRAINT `fkprojectid` FOREIGN KEY (`projectid`) REFERENCES `phpfy_project` (`id`) ON DELETE CASCADE ON UPDATE CASCADE,
  ADD CONSTRAINT `fkuserid` FOREIGN KEY (`userid`) REFERENCES `phpfy_user` (`id`) ON DELETE CASCADE ON UPDATE CASCADE;
SET FOREIGN_KEY_CHECKS=1;

/*!40101 SET CHARACTER_SET_CLIENT=@OLD_CHARACTER_SET_CLIENT */;
/*!40101 SET CHARACTER_SET_RESULTS=@OLD_CHARACTER_SET_RESULTS */;
/*!40101 SET COLLATION_CONNECTION=@OLD_COLLATION_CONNECTION */;
